status,rel_path,source_file,output_path,selected_tiles,embedded_tiles,skipped_missing_tiles,total_tiles,tile_size,source_tile_size,subtiles_per_tile,model_input_size,level0_cols,level0_rows,tissue_threshold,target_mpp,source_mpp,elapsed_s,output_dtype,preprocess,prefetch_batches,error
ok,S 210000320/01__.fastpath,S 210000320#S 210000320###S#1.svs,/home/eteriny/projects/foundation_inference/outputs/uni_thyroid_patch256/S_210000320_01_106e6b71bc.npz,679,679,0,16992,256,512,2,224,118,36,0.1,0.527366,0.263683,1.104,float16,gpu,1,
ok,S 210000749/01__.fastpath,S 210000749#S 210000749###S#1.svs,/home/eteriny/projects/foundation_inference/outputs/uni_thyroid_patch256/S_210000749_01_21b76f301b.npz,928,928,0,22040,256,512,2,224,145,38,0.1,0.526474,0.263237,1.028,float16,gpu,1,
ok,S 210000900/01_1.fastpath,S 210000900#S 210000900#1##S#1.svs,/home/eteriny/projects/foundation_inference/outputs/uni_thyroid_patch256/S_210000900_01_1_4dc801250d.npz,801,801,0,22648,256,512,2,224,149,38,0.1,0.527366,0.263683,0.849,float16,gpu,1,
ok,S 210000900/02_2.fastpath,S 210000900#S 210000900#2##S#2.svs,/home/eteriny/projects/foundation_inference/outputs/uni_thyroid_patch256/S_210000900_02_2_383b48ee24.npz,704,704,0,22052,256,512,2,224,149,37,0.1,0.527366,0.263683,0.756,float16,gpu,1,
ok,S 210001344/01_1.fastpath,S 210001344#S 210001344#1##S#1.svs,/home/eteriny/projects/foundation_inference/outputs/uni_thyroid_patch256/S_210001344_01_1_8ec80ff79f.npz,1311,1311,0,37408,256,512,2,224,167,56,0.1,0.527366,0.263683,1.407,float16,gpu,1,
ok,S 210001344/02_2.fastpath,S 210001344#S 210001344#2##S#2.svs,/home/eteriny/projects/foundation_inference/outputs/uni_thyroid_patch256/S_210001344_02_2_657eaabd3b.npz,2018,2018,0,27520,256,512,2,224,160,43,0.1,0.527366,0.263683,2.086,float16,gpu,1,
ok,S 210001884/01_1.fastpath,S 210001884#S 210001884#1##S#1.svs,/home/eteriny/projects/foundation_inference/outputs/uni_thyroid_patch256/S_210001884_01_1_5da6249204.npz,1486,1486,0,25696,256,512,2,224,146,44,0.1,0.527366,0.263683,1.575,float16,gpu,1,
ok,S 210001884/02_2.fastpath,S 210001884#S 210001884#2##S#2.svs,/home/eteriny/projects/foundation_inference/outputs/uni_thyroid_patch256/S_210001884_02_2_909546591f.npz,1645,1645,0,24696,256,512,2,224,147,42,0.1,0.527366,0.263683,1.736,float16,gpu,1,
ok,S 210001891/01__.fastpath,S 210001891#S 210001891###S#1.svs,/home/eteriny/projects/foundation_inference/outputs/uni_thyroid_patch256/S_210001891_01_238d8ae651.npz,1447,1447,0,23360,256,512,2,224,146,40,0.1,0.526292,0.263146,1.470,float16,gpu,1,
ok,S 210001893/01__.fastpath,S 210001893#S 210001893###S#1.svs,/home/eteriny/projects/foundation_inference/outputs/uni_thyroid_patch256/S_210001893_01_358ea44869.npz,987,987,0,29784,256,512,2,224,146,51,0.1,0.526292,0.263146,1.137,float16,gpu,1,
ok,S 210002488/01__.fastpath,S 210002488#S 210002488###S#1.svs,/home/eteriny/projects/foundation_inference/outputs/uni_thyroid_patch256/S_210002488_01_ca29daa31d.npz,2623,2623,0,32256,256,512,2,224,168,48,0.1,0.527366,0.263683,2.725,float16,gpu,1,
ok,S 210002656/01__.fastpath,S 210002656#S 210002656###S#1.svs,/home/eteriny/projects/foundation_inference/outputs/uni_thyroid_patch256/S_210002656_01_c0de07c00c.npz,1617,1617,0,40200,256,512,2,224,150,67,0.1,0.527366,0.263683,1.744,float16,gpu,1,
ok,S 210002810/01__.fastpath,S 210002810#S 210002810###S#1.svs,/home/eteriny/projects/foundation_inference/outputs/uni_thyroid_patch256/S_210002810_01_dd9654cdc5.npz,1523,1523,0,24192,256,512,2,224,144,42,0.1,0.527366,0.263683,1.653,float16,gpu,1,
ok,S 210002977/01__.fastpath,S 210002977#S 210002977###S#1.svs,/home/eteriny/projects/foundation_inference/outputs/uni_thyroid_patch256/S_210002977_01_067beb456c.npz,1159,1159,0,19520,256,512,2,224,122,40,0.1,0.527366,0.263683,1.245,float16,gpu,1,
ok,S 210003113/01__.fastpath,S 210003113#S 210003113###S#1.svs,/home/eteriny/projects/foundation_inference/outputs/uni_thyroid_patch256/S_210003113_01_76ffff25c6.npz,1494,1494,0,30992,256,512,2,224,149,52,0.1,0.526292,0.263146,1.584,float16,gpu,1,
ok,S 210003745/01__.fastpath,S 210003745#S 210003745###S#1.svs,/home/eteriny/projects/foundation_inference/outputs/uni_thyroid_patch256/S_210003745_01_01f944d49b.npz,1234,1234,0,25112,256,512,2,224,146,43,0.1,0.527366,0.263683,1.297,float16,gpu,1,
ok,S 210004388/01_1.fastpath,S 210004388#S 210004388#1##S#1.svs,/home/eteriny/projects/foundation_inference/outputs/uni_thyroid_patch256/S_210004388_01_1_56531bb85b.npz,490,490,0,24108,256,512,2,224,147,41,0.1,0.526292,0.263146,0.585,float16,gpu,1,
ok,S 210004388/02_2.fastpath,S 210004388#S 210004388#2##S#2.svs,/home/eteriny/projects/foundation_inference/outputs/uni_thyroid_patch256/S_210004388_02_2_876d1031f2.npz,1208,1208,0,25344,256,512,2,224,144,44,0.1,0.526292,0.263146,1.287,float16,gpu,1,
ok,S 210004392/01__.fastpath,S 210004392#S 210004392###S#1.svs,/home/eteriny/projects/foundation_inference/outputs/uni_thyroid_patch256/S_210004392_01_daf937f027.npz,1315,1315,0,34428,256,512,2,224,151,57,0.1,0.526292,0.263146,1.430,float16,gpu,1,
ok,S 210004564/01__.fastpath,S 210004564#S 210004564###S#1.svs,/home/eteriny/projects/foundation_inference/outputs/uni_thyroid_patch256/S_210004564_01_48f63957a0.npz,2148,2148,0,35984,256,512,2,224,173,52,0.1,0.527366,0.263683,2.247,float16,gpu,1,
ok,S 210004953/01__.fastpath,S 210004953#S 210004953###S#1.svs,/home/eteriny/projects/foundation_inference/outputs/uni_thyroid_patch256/S_210004953_01_f40dc985fa.npz,2774,2774,0,34800,256,512,2,224,150,58,0.1,0.526474,0.263237,2.840,float16,gpu,1,
ok,S 210005102/01_1.fastpath,S 210005102#S 210005102#1##S#1.svs,/home/eteriny/projects/foundation_inference/outputs/uni_thyroid_patch256/S_210005102_01_1_80ce3ce1b3.npz,1252,1252,0,22400,256,512,2,224,160,35,0.1,0.528186,0.264093,1.266,float16,gpu,1,
ok,S 210005102/02_2.fastpath,S 210005102#S 210005102#2##S#2.svs,/home/eteriny/projects/foundation_inference/outputs/uni_thyroid_patch256/S_210005102_02_2_bf983651a9.npz,1120,1120,0,19328,256,512,2,224,151,32,0.1,0.528186,0.264093,1.203,float16,gpu,1,
ok,S 210005112/01__.fastpath,S 210005112#S 210005112###S#1.svs,/home/eteriny/projects/foundation_inference/outputs/uni_thyroid_patch256/S_210005112_01_26701c8ffb.npz,2729,2729,0,34560,256,512,2,224,160,54,0.1,0.528186,0.264093,2.870,float16,gpu,1,
ok,S 210005597/01__.fastpath,S 210005597#S 210005597###S#1.svs,/home/eteriny/projects/foundation_inference/outputs/uni_thyroid_patch256/S_210005597_01_3d3f0b37b3.npz,673,673,0,29536,256,512,2,224,142,52,0.1,0.526474,0.263237,7.345,float16,gpu,1,
ok,S 210005600/01__.fastpath,S 210005600#S 210005600###S#1.svs,/home/eteriny/projects/foundation_inference/outputs/uni_thyroid_patch256/S_210005600_01_b2b4648fc7.npz,1661,1661,0,36344,256,512,2,224,154,59,0.1,0.526474,0.263237,3.325,float16,gpu,1,
ok,S 210005733/01__.fastpath,S 210005733#S 210005733###S#1.svs,/home/eteriny/projects/foundation_inference/outputs/uni_thyroid_patch256/S_210005733_01_d536fb180e.npz,860,860,0,22400,256,512,2,224,140,40,0.1,0.526474,0.263237,0.972,float16,gpu,1,
ok,S 210006213/01__.fastpath,S 210006213#S 210006213###S#1.svs,/home/eteriny/projects/foundation_inference/outputs/uni_thyroid_patch256/S_210006213_01_865854a2d9.npz,696,696,0,33060,256,512,2,224,145,57,0.1,0.528186,0.264093,0.798,float16,gpu,1,
ok,S 210006307/01__.fastpath,S 210006307#S 210006307###S#1.svs,/home/eteriny/projects/foundation_inference/outputs/uni_thyroid_patch256/S_210006307_01_5ac9a40d68.npz,759,759,0,30720,256,512,2,224,160,48,0.1,0.528186,0.264093,0.870,float16,gpu,1,
ok,S 210006705/01__.fastpath,S 210006705#S 210006705###S#1.svs,/home/eteriny/projects/foundation_inference/outputs/uni_thyroid_patch256/S_210006705_01_5a3f44e9a3.npz,1730,1730,0,38740,256,512,2,224,149,65,0.1,0.528186,0.264093,1.804,float16,gpu,1,
ok,S 210006706/01__.fastpath,S 210006706#S 210006706###S#1.svs,/home/eteriny/projects/foundation_inference/outputs/uni_thyroid_patch256/S_210006706_01_88cd849904.npz,978,978,0,33152,256,512,2,224,148,56,0.1,0.528186,0.264093,1.070,float16,gpu,1,
ok,S 210006723/01__.fastpath,S 210006723#S 210006723###S#1.svs,/home/eteriny/projects/foundation_inference/outputs/uni_thyroid_patch256/S_210006723_01_f28ac1d47e.npz,1523,1523,0,36580,256,512,2,224,155,59,0.1,0.528186,0.264093,1.597,float16,gpu,1,
ok,S 210007019/00_1.fastpath,S 210007019#1###.svs,/home/eteriny/projects/foundation_inference/outputs/uni_thyroid_patch256/S_210007019_00_1_398ff2afae.npz,905,905,0,21584,256,512,2,224,142,38,0.1,0.527366,0.263683,0.972,float16,gpu,1,
ok,S 210007019/00_2.fastpath,S 210007019#2###.svs,/home/eteriny/projects/foundation_inference/outputs/uni_thyroid_patch256/S_210007019_00_2_0fd627251c.npz,717,717,0,16128,256,512,2,224,112,36,0.1,0.527366,0.263683,0.809,float16,gpu,1,
ok,S 210007024/01__.fastpath,S 210007024####.svs,/home/eteriny/projects/foundation_inference/outputs/uni_thyroid_patch256/S_210007024_01_a65dc31d6a.npz,3101,3101,0,22952,256,512,2,224,151,38,0.1,0.527366,0.263683,3.195,float16,gpu,1,
ok,S 210007025/01__.fastpath,S 210007025####.svs,/home/eteriny/projects/foundation_inference/outputs/uni_thyroid_patch256/S_210007025_01_a73046b218.npz,1543,1543,0,23520,256,512,2,224,140,42,0.1,0.527366,0.263683,1.656,float16,gpu,1,
ok,S 210007208/01__.fastpath,S 210007208#S 210007208###S#1.svs,/home/eteriny/projects/foundation_inference/outputs/uni_thyroid_patch256/S_210007208_01_749d34c9ba.npz,2072,2072,0,38400,256,512,2,224,160,60,0.1,0.527366,0.263683,2.160,float16,gpu,1,
ok,S 210007358/01__.fastpath,S 210007358#S 210007358###S#1.svs,/home/eteriny/projects/foundation_inference/outputs/uni_thyroid_patch256/S_210007358_01_f2b01ab48c.npz,1374,1374,0,28200,256,512,2,224,150,47,0.1,0.527366,0.263683,1.440,float16,gpu,1,
ok,S 210007362/01__.fastpath,S 210007362#S 210007362###S#1.svs,/home/eteriny/projects/foundation_inference/outputs/uni_thyroid_patch256/S_210007362_01_212488e884.npz,1284,1284,0,47656,256,512,2,224,161,74,0.1,0.527366,0.263683,1.373,float16,gpu,1,
ok,S 210007639/00_2__D.fastpath,S 210007639#2# D.svs,/home/eteriny/projects/foundation_inference/outputs/uni_thyroid_patch256/S_210007639_00_2__D_d2e0a5c7ff.npz,713,713,0,11648,256,512,2,224,91,32,0.1,0.528186,0.264093,0.781,float16,gpu,1,
ok,S 210007639/01_1.fastpath,S 210007639#S 210007639#1##S#1.svs,/home/eteriny/projects/foundation_inference/outputs/uni_thyroid_patch256/S_210007639_01_1_3a271b61e7.npz,261,261,0,20336,256,512,2,224,124,41,0.1,0.526292,0.263146,0.330,float16,gpu,1,
ok,S 210007639/02_2.fastpath,S 210007639#S 210007639#2##S#2.svs,/home/eteriny/projects/foundation_inference/outputs/uni_thyroid_patch256/S_210007639_02_2_c140747238.npz,860,860,0,21712,256,512,2,224,118,46,0.1,0.526292,0.263146,0.944,float16,gpu,1,
ok,S 210007644/01__.fastpath,S 210007644#S 210007644###S#1.svs,/home/eteriny/projects/foundation_inference/outputs/uni_thyroid_patch256/S_210007644_01_18564bdda8.npz,977,977,0,27648,256,512,2,224,144,48,0.1,0.526292,0.263146,1.037,float16,gpu,1,
ok,S 210007783/00__.fastpath,S 210007783###S#0.svs,/home/eteriny/projects/foundation_inference/outputs/uni_thyroid_patch256/S_210007783_00_af2e5a2d8c.npz,1084,1084,0,49312,256,512,2,224,184,67,0.1,0.526292,0.263146,1.244,float16,gpu,1,
ok,S 210007867/01__.fastpath,S 210007867#S 210007867###S#1.svs,/home/eteriny/projects/foundation_inference/outputs/uni_thyroid_patch256/S_210007867_01_a9f0215aa0.npz,1662,1662,0,23840,256,512,2,224,149,40,0.1,0.526292,0.263146,1.769,float16,gpu,1,
ok,S 210007868/01__.fastpath,S 210007868#S 210007868###S#1.svs,/home/eteriny/projects/foundation_inference/outputs/uni_thyroid_patch256/S_210007868_01_0c7c626b6a.npz,809,809,0,18724,256,512,2,224,151,31,0.1,0.526292,0.263146,0.867,float16,gpu,1,
ok,S 210008174/01__.fastpath,S 210008174#S 210008174###S#1.svs,/home/eteriny/projects/foundation_inference/outputs/uni_thyroid_patch256/S_210008174_01_5a0c92817d.npz,947,947,0,18848,256,512,2,224,124,38,0.1,0.526474,0.263237,1.054,float16,gpu,1,
ok,S 210008656/01__.fastpath,S 210008656#S 210008656###S#1.svs,/home/eteriny/projects/foundation_inference/outputs/uni_thyroid_patch256/S_210008656_01_7c72e34254.npz,544,544,0,73960,256,512,2,224,215,86,0.1,0.527366,0.263683,0.667,float16,gpu,1,
ok,S 210008802/01__.fastpath,S 210008802#S 210008802###S#1.svs,/home/eteriny/projects/foundation_inference/outputs/uni_thyroid_patch256/S_210008802_01_c298f67f18.npz,1084,1084,0,21844,256,512,2,224,127,43,0.1,0.526292,0.263146,1.152,float16,gpu,1,
ok,S 210008878/01__.fastpath,S 210008878#S 210008878###S#1.svs,/home/eteriny/projects/foundation_inference/outputs/uni_thyroid_patch256/S_210008878_01_cb3309b9b2.npz,317,317,0,17160,256,512,2,224,143,30,0.1,0.526292,0.263146,0.386,float16,gpu,1,
ok,S 210009292/01__.fastpath,S 210009292#S 210009292###S#1.svs,/home/eteriny/projects/foundation_inference/outputs/uni_thyroid_patch256/S_210009292_01_9ea37ef35f.npz,3094,3094,0,28608,256,512,2,224,149,48,0.1,0.528186,0.264093,3.175,float16,gpu,1,
ok,S 210009296/01__.fastpath,S 210009296#S 210009296###S#1.svs,/home/eteriny/projects/foundation_inference/outputs/uni_thyroid_patch256/S_210009296_01_7223a88e8b.npz,1270,1270,0,25872,256,512,2,224,147,44,0.1,0.528186,0.264093,1.320,float16,gpu,1,
ok,S 210009298/01__.fastpath,S 210009298#S 210009298###S#1.svs,/home/eteriny/projects/foundation_inference/outputs/uni_thyroid_patch256/S_210009298_01_34e3167319.npz,1929,1929,0,33408,256,512,2,224,144,58,0.1,0.528186,0.264093,2.052,float16,gpu,1,
ok,S 210009465/01__.fastpath,S 210009465#S 210009465###S#1.svs,/home/eteriny/projects/foundation_inference/outputs/uni_thyroid_patch256/S_210009465_01_07f5f33912.npz,3431,3431,0,33220,256,512,2,224,151,55,0.1,0.527366,0.263683,3.634,float16,gpu,1,
ok,S 210009606/01__.fastpath,S 210009606#S 210009606###S#1.svs,/home/eteriny/projects/foundation_inference/outputs/uni_thyroid_patch256/S_210009606_01_55444b0f2f.npz,1531,1531,0,25400,256,512,2,224,127,50,0.1,0.527366,0.263683,1.634,float16,gpu,1,
ok,S 210009890/01_1.fastpath,S 210009890#S 210009890#1##S#1.svs,/home/eteriny/projects/foundation_inference/outputs/uni_thyroid_patch256/S_210009890_01_1_19d35e665b.npz,1931,1931,0,37848,256,512,2,224,166,57,0.1,0.526292,0.263146,2.050,float16,gpu,1,
ok,S 210009890/02_2.fastpath,S 210009890#S 210009890#2##S#2.svs,/home/eteriny/projects/foundation_inference/outputs/uni_thyroid_patch256/S_210009890_02_2_40f44a287f.npz,2593,2593,0,30380,256,512,2,224,155,49,0.1,0.526292,0.263146,2.638,float16,gpu,1,
ok,S 210010094/01__.fastpath,S 210010094#S 210010094###S#1.svs,/home/eteriny/projects/foundation_inference/outputs/uni_thyroid_patch256/S_210010094_01_be74624b84.npz,957,957,0,40584,256,512,2,224,178,57,0.1,0.528186,0.264093,1.015,float16,gpu,1,
ok,S 210010251/01__.fastpath,S 210010251#S 210010251###S#1.svs,/home/eteriny/projects/foundation_inference/outputs/uni_thyroid_patch256/S_210010251_01_b0312ee603.npz,1387,1387,0,19800,256,512,2,224,150,33,0.1,0.527366,0.263683,1.484,float16,gpu,1,
ok,S 210010409/01__.fastpath,S 210010409#S 210010409###S#1.svs,/home/eteriny/projects/foundation_inference/outputs/uni_thyroid_patch256/S_210010409_01_bb1c931dce.npz,682,682,0,22648,256,512,2,224,149,38,0.1,0.527366,0.263683,0.758,float16,gpu,1,
ok,S 210010480/01_1.fastpath,S 210010480#S 210010480#1##S#1.svs,/home/eteriny/projects/foundation_inference/outputs/uni_thyroid_patch256/S_210010480_01_1_f1a26600f2.npz,1464,1464,0,28028,256,512,2,224,143,49,0.1,0.527366,0.263683,1.610,float16,gpu,1,
ok,S 210010480/02_2.fastpath,S 210010480#S 210010480#2##S#2.svs,/home/eteriny/projects/foundation_inference/outputs/uni_thyroid_patch256/S_210010480_02_2_90157cbb43.npz,1829,1829,0,25420,256,512,2,224,155,41,0.1,0.527366,0.263683,1.877,float16,gpu,1,
ok,S 210010481/01_1.fastpath,S 210010481#S 210010481#1##S#1.svs,/home/eteriny/projects/foundation_inference/outputs/uni_thyroid_patch256/S_210010481_01_1_d39cfbea28.npz,2060,2060,0,23088,256,512,2,224,156,37,0.1,0.527366,0.263683,2.138,float16,gpu,1,
ok,S 210010481/02_2.fastpath,S 210010481#S 210010481#2##S#2.svs,/home/eteriny/projects/foundation_inference/outputs/uni_thyroid_patch256/S_210010481_02_2_5df2166856.npz,1339,1339,0,26752,256,512,2,224,152,44,0.1,0.527366,0.263683,1.439,float16,gpu,1,
ok,S 210010775/01__.fastpath,S 210010775#S 210010775###S#1.svs,/home/eteriny/projects/foundation_inference/outputs/uni_thyroid_patch256/S_210010775_01_bd827e4b69.npz,746,746,0,28288,256,512,2,224,136,52,0.1,0.526474,0.263237,0.845,float16,gpu,1,
ok,S 210011213/01_1.fastpath,S 210011213#S 210011213#1##S#1.svs,/home/eteriny/projects/foundation_inference/outputs/uni_thyroid_patch256/S_210011213_01_1_ff90c3e381.npz,700,700,0,24928,256,512,2,224,152,41,0.1,0.527366,0.263683,0.774,float16,gpu,1,
ok,S 210011213/02_2.fastpath,S 210011213#S 210011213#2##S#2.svs,/home/eteriny/projects/foundation_inference/outputs/uni_thyroid_patch256/S_210011213_02_2_ef4ddb35d9.npz,1048,1048,0,20440,256,512,2,224,146,35,0.1,0.527366,0.263683,1.127,float16,gpu,1,
ok,S 210011822/01_1.fastpath,S 210011822#S 210011822#1##S#1.svs,/home/eteriny/projects/foundation_inference/outputs/uni_thyroid_patch256/S_210011822_01_1_6cdf21b92a.npz,963,963,0,24360,256,512,2,224,145,42,0.1,0.526474,0.263237,1.023,float16,gpu,1,
ok,S 210011822/02_2.fastpath,S 210011822#S 210011822#2##S#2.svs,/home/eteriny/projects/foundation_inference/outputs/uni_thyroid_patch256/S_210011822_02_2_0b5b6a7d58.npz,1099,1099,0,30740,256,512,2,224,145,53,0.1,0.526474,0.263237,1.145,float16,gpu,1,
ok,S 210011975/01__.fastpath,S 210011975####.svs,/home/eteriny/projects/foundation_inference/outputs/uni_thyroid_patch256/S_210011975_01_2c2166dc20.npz,973,973,0,21808,256,512,2,224,116,47,0.1,0.526474,0.263237,1.052,float16,gpu,1,
ok,S 210012066/01__.fastpath,S 210012066#S 210012066###S#1.svs,/home/eteriny/projects/foundation_inference/outputs/uni_thyroid_patch256/S_210012066_01_63f900bad6.npz,0,0,0,46760,256,512,2,224,167,70,0.1,0.526292,0.263146,0.003,float16,gpu,1,
ok,S 210012413/01__.fastpath,S 210012413#S 210012413###S#1.svs,/home/eteriny/projects/foundation_inference/outputs/uni_thyroid_patch256/S_210012413_01_e53c33b640.npz,1683,1683,0,22304,256,512,2,224,136,41,0.1,0.525142,0.262571,1.797,float16,gpu,1,
ok,S 210012420/01__.fastpath,S 210012420#S 210012420###S#1.svs,/home/eteriny/projects/foundation_inference/outputs/uni_thyroid_patch256/S_210012420_01_2b04e28ebc.npz,948,948,0,37840,256,512,2,224,172,55,0.1,0.526028,0.263014,1.047,float16,gpu,1,
ok,S 210012423/01__.fastpath,S 210012423#S 210012423###S#1.svs,/home/eteriny/projects/foundation_inference/outputs/uni_thyroid_patch256/S_210012423_01_5e68b952a0.npz,1611,1611,0,23048,256,512,2,224,134,43,0.1,0.525142,0.262571,1.685,float16,gpu,1,
ok,S 210012582/01__.fastpath,S 210012582#S 210012582###S#1.svs,/home/eteriny/projects/foundation_inference/outputs/uni_thyroid_patch256/S_210012582_01_5c3a6dea4a.npz,1506,1506,0,43168,256,512,2,224,152,71,0.1,0.525142,0.262571,1.619,float16,gpu,1,
ok,S 210012722/01__.fastpath,S 210012722#S 210012722###S#1.svs,/home/eteriny/projects/foundation_inference/outputs/uni_thyroid_patch256/S_210012722_01_88352360ea.npz,825,825,0,34456,256,512,2,224,146,59,0.1,0.525142,0.262571,0.926,float16,gpu,1,
ok,S 210012998/01__.fastpath,S 210012998####.svs,/home/eteriny/projects/foundation_inference/outputs/uni_thyroid_patch256/S_210012998_01_b47b2d69fd.npz,2761,2761,0,57512,256,512,2,224,182,79,0.1,0.526474,0.263237,2.876,float16,gpu,1,
ok,S 210013327/01__.fastpath,S 210013327#S 210013327###S#1.svs,/home/eteriny/projects/foundation_inference/outputs/uni_thyroid_patch256/S_210013327_01_9baa137365.npz,290,290,0,18352,256,512,2,224,148,31,0.1,0.526474,0.263237,0.352,float16,gpu,1,
ok,S 210013527/01__.fastpath,S 210013527#S 210013527###S#1.svs,/home/eteriny/projects/foundation_inference/outputs/uni_thyroid_patch256/S_210013527_01_e200473966.npz,1393,1393,0,30528,256,512,2,224,144,53,0.1,0.527366,0.263683,1.531,float16,gpu,1,
ok,S 210013537/00____D.fastpath,S 210013537# #D.svs,/home/eteriny/projects/foundation_inference/outputs/uni_thyroid_patch256/S_210013537_00____D_5030048e71.npz,822,822,0,13872,256,512,2,224,51,68,0.1,0.526292,0.263146,0.947,float16,gpu,1,
ok,S 210013537/01__.fastpath,S 210013537#S 210013537###S#1.svs,/home/eteriny/projects/foundation_inference/outputs/uni_thyroid_patch256/S_210013537_01_b0230d2be1.npz,2072,2072,0,35264,256,512,2,224,116,76,0.1,0.526474,0.263237,2.218,float16,gpu,1,
ok,S 210013537/01___D2.fastpath,S 210013537##D#$.svs,/home/eteriny/projects/foundation_inference/outputs/uni_thyroid_patch256/S_210013537_01___D2_688fdcb782.npz,915,915,0,12740,256,512,2,224,49,65,0.1,0.526292,0.263146,1.010,float16,gpu,1,
ok,S 210013973/01_1.fastpath,S 210013973#S 210013973#1##S#1.svs,/home/eteriny/projects/foundation_inference/outputs/uni_thyroid_patch256/S_210013973_01_1_a6c2b6c112.npz,135,135,0,38808,256,512,2,224,154,63,0.1,0.526292,0.263146,0.220,float16,gpu,1,
ok,S 210013973/02_2.fastpath,S 210013973#S 210013973#2##S#2.svs,/home/eteriny/projects/foundation_inference/outputs/uni_thyroid_patch256/S_210013973_02_2_86f72ed434.npz,1135,1135,0,25284,256,512,2,224,147,43,0.1,0.526292,0.263146,1.199,float16,gpu,1,
ok,S 210014145/01__.fastpath,S 210014145#S 210014145###S#1.svs,/home/eteriny/projects/foundation_inference/outputs/uni_thyroid_patch256/S_210014145_01_0b4fbb34cb.npz,1973,1973,0,27984,256,512,2,224,159,44,0.1,0.526474,0.263237,2.031,float16,gpu,1,
ok,S 210014570/01__.fastpath,S 210014570#S 210014570###S#1.svs,/home/eteriny/projects/foundation_inference/outputs/uni_thyroid_patch256/S_210014570_01_a9f2981ace.npz,2420,2420,0,28520,256,512,2,224,155,46,0.1,0.527366,0.263683,2.489,float16,gpu,1,
ok,S 210014774/01__.fastpath,S 210014774#S 210014774###S#1.svs,/home/eteriny/projects/foundation_inference/outputs/uni_thyroid_patch256/S_210014774_01_a1dd34add0.npz,1277,1277,0,26884,256,512,2,224,143,47,0.1,0.527366,0.263683,1.321,float16,gpu,1,
ok,S 210014778/01__.fastpath,S 210014778#S 210014778###S#1.svs,/home/eteriny/projects/foundation_inference/outputs/uni_thyroid_patch256/S_210014778_01_e3c126b976.npz,830,830,0,18920,256,512,2,224,110,43,0.1,0.525142,0.262571,0.935,float16,gpu,1,
ok,S 210015088/01__.fastpath,S 210015088#S 210015088###S#1.svs,/home/eteriny/projects/foundation_inference/outputs/uni_thyroid_patch256/S_210015088_01_a0941d3cc4.npz,1546,1546,0,13612,256,512,2,224,83,41,0.1,0.526292,0.263146,1.729,float16,gpu,1,
ok,S 210015094/01__.fastpath,S 210015094#S 210015094###S#1.svs,/home/eteriny/projects/foundation_inference/outputs/uni_thyroid_patch256/S_210015094_01_975a5cde14.npz,290,290,0,32012,256,512,2,224,151,53,0.1,0.526292,0.263146,0.374,float16,gpu,1,
ok,S 210015214/01_1.fastpath,S 210015214#S 210015214#1##S#1.svs,/home/eteriny/projects/foundation_inference/outputs/uni_thyroid_patch256/S_210015214_01_1_5c56d789b7.npz,855,855,0,22496,256,512,2,224,148,38,0.1,0.526474,0.263237,0.973,float16,gpu,1,
ok,S 210015214/02_2.fastpath,S 210015214#S 210015214#2##S#2.svs,/home/eteriny/projects/foundation_inference/outputs/uni_thyroid_patch256/S_210015214_02_2_fa3bfb86f8.npz,1152,1152,0,31800,256,512,2,224,150,53,0.1,0.526474,0.263237,1.195,float16,gpu,1,
ok,S 210015219/01__.fastpath,S 210015219#S 210015219###S#1.svs,/home/eteriny/projects/foundation_inference/outputs/uni_thyroid_patch256/S_210015219_01_da64b6f5c9.npz,1924,1924,0,29500,256,512,2,224,125,59,0.1,0.526474,0.263237,1.977,float16,gpu,1,
ok,S 210015223/01__.fastpath,S 210015223#S 210015223###S#1.svs,/home/eteriny/projects/foundation_inference/outputs/uni_thyroid_patch256/S_210015223_01_4e44905a96.npz,712,712,0,22932,256,512,2,224,147,39,0.1,0.526474,0.263237,0.798,float16,gpu,1,
ok,S 210015530/01__.fastpath,S 210015530#S 210015530###S#1.svs,/home/eteriny/projects/foundation_inference/outputs/uni_thyroid_patch256/S_210015530_01_47e036bf7f.npz,1571,1571,0,26488,256,512,2,224,154,43,0.1,0.525142,0.262571,1.650,float16,gpu,1,
ok,S 210015994/01__.fastpath,S 210015994#S 210015994###S#1.svs,/home/eteriny/projects/foundation_inference/outputs/uni_thyroid_patch256/S_210015994_01_0a61359e5a.npz,1822,1822,0,35040,256,512,2,224,146,60,0.1,0.526292,0.263146,1.910,float16,gpu,1,
ok,S 210016455/01__.fastpath,S 210016455#S 210016455###S#1.svs,/home/eteriny/projects/foundation_inference/outputs/uni_thyroid_patch256/S_210016455_01_8f60683d50.npz,1014,1014,0,15100,256,512,2,224,151,25,0.1,0.526292,0.263146,1.077,float16,gpu,1,
ok,S 210016459/01__.fastpath,S 210016459#S 210016459###S#1.svs,/home/eteriny/projects/foundation_inference/outputs/uni_thyroid_patch256/S_210016459_01_8ed5140db9.npz,825,825,0,31360,256,512,2,224,140,56,0.1,0.526292,0.263146,0.873,float16,gpu,1,
ok,S 210016803/01_1.fastpath,S 210016803#S 210016803#1##S#1.svs,/home/eteriny/projects/foundation_inference/outputs/uni_thyroid_patch256/S_210016803_01_1_7819b0c777.npz,803,803,0,21888,256,512,2,224,144,38,0.1,0.525142,0.262571,0.870,float16,gpu,1,
ok,S 210016803/02_2.fastpath,S 210016803#S 210016803#2##S#2.svs,/home/eteriny/projects/foundation_inference/outputs/uni_thyroid_patch256/S_210016803_02_2_f4d71e9514.npz,37,37,0,14768,256,512,2,224,142,26,0.1,0.525142,0.262571,0.066,float16,gpu,1,
ok,S 210016803/03_3.fastpath,S 210016803#S 210016803#3##S#3.svs,/home/eteriny/projects/foundation_inference/outputs/uni_thyroid_patch256/S_210016803_03_3_169b8d94e9.npz,0,0,0,13520,256,512,2,224,130,26,0.1,0.525142,0.262571,0.002,float16,gpu,1,
ok,S 210016805/01_1.fastpath,S 210016805#S 210016805#1##S#1.svs,/home/eteriny/projects/foundation_inference/outputs/uni_thyroid_patch256/S_210016805_01_1_4fabdfa402.npz,1942,1942,0,35868,256,512,2,224,147,61,0.1,0.525142,0.262571,1.992,float16,gpu,1,
ok,S 210016805/02_2.fastpath,S 210016805#S 210016805#2##S#2.svs,/home/eteriny/projects/foundation_inference/outputs/uni_thyroid_patch256/S_210016805_02_2_1543d9dd1e.npz,390,390,0,32832,256,512,2,224,144,57,0.1,0.525142,0.262571,0.477,float16,gpu,1,
ok,S 210017109/01_1.fastpath,S 210017109#S 210017109#1##S#1.svs,/home/eteriny/projects/foundation_inference/outputs/uni_thyroid_patch256/S_210017109_01_1_4386c71a55.npz,1617,1617,0,23360,256,512,2,224,146,40,0.1,0.525142,0.262571,1.663,float16,gpu,1,
ok,S 210017109/02_2.fastpath,S 210017109#S 210017109#2##S#2.svs,/home/eteriny/projects/foundation_inference/outputs/uni_thyroid_patch256/S_210017109_02_2_fee16f54de.npz,354,354,0,50268,256,512,2,224,177,71,0.1,0.525142,0.262571,0.442,float16,gpu,1,
ok,S 210017239/01__.fastpath,S 210017239#S 210017239###S#1.svs,/home/eteriny/projects/foundation_inference/outputs/uni_thyroid_patch256/S_210017239_01_c928891c54.npz,2155,2155,0,18144,256,512,2,224,126,36,0.1,0.526474,0.263237,2.246,float16,gpu,1,
ok,S 210018013/01__.fastpath,S 210018013#S 210018013###S#1.svs,/home/eteriny/projects/foundation_inference/outputs/uni_thyroid_patch256/S_210018013_01_86bcb4dcbf.npz,973,973,0,22032,256,512,2,224,153,36,0.1,0.526474,0.263237,1.007,float16,gpu,1,
ok,S 210018017/01__.fastpath,S 210018017#S 210018017###S#1.svs,/home/eteriny/projects/foundation_inference/outputs/uni_thyroid_patch256/S_210018017_01_e3c5a1a82e.npz,1207,1207,0,26460,256,512,2,224,147,45,0.1,0.526474,0.263237,1.324,float16,gpu,1,
ok,S 210018331/01_1.fastpath,S 210018331#S 210018331#1##S#1.svs,/home/eteriny/projects/foundation_inference/outputs/uni_thyroid_patch256/S_210018331_01_1_c66a94cf37.npz,1073,1073,0,21888,256,512,2,224,144,38,0.1,0.525142,0.262571,1.166,float16,gpu,1,
ok,S 210018331/02_2.fastpath,S 210018331#S 210018331#2##S#2.svs,/home/eteriny/projects/foundation_inference/outputs/uni_thyroid_patch256/S_210018331_02_2_5c6104a1ce.npz,0,0,0,27384,256,512,2,224,163,42,0.1,0.525142,0.262571,0.003,float16,gpu,1,
ok,S 210018331/03_3.fastpath,S 210018331#S 210018331#3##S#3.svs,/home/eteriny/projects/foundation_inference/outputs/uni_thyroid_patch256/S_210018331_03_3_bd87172c01.npz,1210,1210,0,19516,256,512,2,224,119,41,0.1,0.525142,0.262571,1.305,float16,gpu,1,
ok,S 210018331/04_4.fastpath,S 210018331#S 210018331#4##S#4.svs,/home/eteriny/projects/foundation_inference/outputs/uni_thyroid_patch256/S_210018331_04_4_3a6f3e2075.npz,1916,1916,0,35840,256,512,2,224,160,56,0.1,0.525142,0.262571,2.047,float16,gpu,1,
ok,S 210018338/01__.fastpath,S 210018338#S 210018338###S#1.svs,/home/eteriny/projects/foundation_inference/outputs/uni_thyroid_patch256/S_210018338_01_6adee2dd2a.npz,1988,1988,0,32616,256,512,2,224,151,54,0.1,0.525142,0.262571,2.073,float16,gpu,1,
ok,S 210018640/01__.fastpath,S 210018640#S 210018640###S#1.svs,/home/eteriny/projects/foundation_inference/outputs/uni_thyroid_patch256/S_210018640_01_0b96edb759.npz,1475,1475,0,22848,256,512,2,224,119,48,0.1,0.526292,0.263146,1.529,float16,gpu,1,
ok,S 210018643/01__.fastpath,S 210018643####.svs,/home/eteriny/projects/foundation_inference/outputs/uni_thyroid_patch256/S_210018643_01_4fd53ad4b9.npz,1280,1280,0,58812,256,512,2,224,169,87,0.1,0.526474,0.263237,1.391,float16,gpu,1,
ok,S 210018955/01__.fastpath,S 210018955#S 210018955###S#1.svs,/home/eteriny/projects/foundation_inference/outputs/uni_thyroid_patch256/S_210018955_01_40439cc1f4.npz,1153,1153,0,24000,256,512,2,224,150,40,0.1,0.526292,0.263146,1.253,float16,gpu,1,
ok,S 210019112/01_1.fastpath,S 210019112#S 210019112#1##S#1.svs,/home/eteriny/projects/foundation_inference/outputs/uni_thyroid_patch256/S_210019112_01_1_c095f787c7.npz,935,935,0,30360,256,512,2,224,138,55,0.1,0.525142,0.262571,1.010,float16,gpu,1,
ok,S 210019112/02_2.fastpath,S 210019112#S 210019112#2##S#2.svs,/home/eteriny/projects/foundation_inference/outputs/uni_thyroid_patch256/S_210019112_02_2_836052578b.npz,555,555,0,18252,256,512,2,224,117,39,0.1,0.525142,0.262571,0.652,float16,gpu,1,
ok,S 210019112/03_3.fastpath,S 210019112#S 210019112#3##S#3.svs,/home/eteriny/projects/foundation_inference/outputs/uni_thyroid_patch256/S_210019112_03_3_1fcd744932.npz,0,0,0,16800,256,512,2,224,120,35,0.1,0.525142,0.262571,0.002,float16,gpu,1,
ok,S 210019479/01_1.fastpath,S 210019479#S 210019479#1##S#1.svs,/home/eteriny/projects/foundation_inference/outputs/uni_thyroid_patch256/S_210019479_01_1_16aa382064.npz,1240,1240,0,20196,256,512,2,224,153,33,0.1,0.526292,0.263146,1.293,float16,gpu,1,
ok,S 210019479/02_2.fastpath,S 210019479#S 210019479#2##S#2.svs,/home/eteriny/projects/foundation_inference/outputs/uni_thyroid_patch256/S_210019479_02_2_89a80e6f62.npz,1032,1032,0,27280,256,512,2,224,124,55,0.1,0.526292,0.263146,1.130,float16,gpu,1,
ok,S 210019480/01__.fastpath,S 210019480#S 210019480###S#1.svs,/home/eteriny/projects/foundation_inference/outputs/uni_thyroid_patch256/S_210019480_01_98959c6d87.npz,1129,1129,0,19152,256,512,2,224,114,42,0.1,0.526292,0.263146,1.230,float16,gpu,1,
ok,S 210019481/01__.fastpath,S 210019481#S 210019481###S#1.svs,/home/eteriny/projects/foundation_inference/outputs/uni_thyroid_patch256/S_210019481_01_070c2c1f32.npz,116,116,0,12768,256,512,2,224,114,28,0.1,0.526292,0.263146,0.172,float16,gpu,1,
ok,S 210019895/01_1.fastpath,S 210019895#S 210019895#1##S#1.svs,/home/eteriny/projects/foundation_inference/outputs/uni_thyroid_patch256/S_210019895_01_1_2b762f6c27.npz,0,0,0,25284,256,512,2,224,147,43,0.1,0.526474,0.263237,0.004,float16,gpu,1,
ok,S 210019895/02_2.fastpath,S 210019895#S 210019895#2##S#2.svs,/home/eteriny/projects/foundation_inference/outputs/uni_thyroid_patch256/S_210019895_02_2_f6661ff0a4.npz,742,742,0,27260,256,512,2,224,145,47,0.1,0.526474,0.263237,0.902,float16,gpu,1,
ok,S 210019920/01__.fastpath,S 210019920#S 210019920###S#1.svs,/home/eteriny/projects/foundation_inference/outputs/uni_thyroid_patch256/S_210019920_01_ad8369d634.npz,762,762,0,35728,256,512,2,224,116,77,0.1,0.526292,0.263146,0.917,float16,gpu,1,
ok,S 210020704/01_1.fastpath,S 210020704#S 210020704#1##S#1.svs,/home/eteriny/projects/foundation_inference/outputs/uni_thyroid_patch256/S_210020704_01_1_1db49a3b1d.npz,181,181,0,24220,256,512,2,224,173,35,0.1,0.526292,0.263146,0.228,float16,gpu,1,
ok,S 210020704/02_2.fastpath,S 210020704#S 210020704#2##S#2.svs,/home/eteriny/projects/foundation_inference/outputs/uni_thyroid_patch256/S_210020704_02_2_94178f5cdc.npz,1260,1260,0,22932,256,512,2,224,147,39,0.1,0.526292,0.263146,1.323,float16,gpu,1,
ok,S 210020714/01__.fastpath,S 210020714#S 210020714###S#1.svs,/home/eteriny/projects/foundation_inference/outputs/uni_thyroid_patch256/S_210020714_01_82d26c4786.npz,1658,1658,0,36600,256,512,2,224,150,61,0.1,0.526292,0.263146,1.729,float16,gpu,1,
ok,S 210020844/01_1.fastpath,S 210020844#S 210020844#1##S#1.svs,/home/eteriny/projects/foundation_inference/outputs/uni_thyroid_patch256/S_210020844_01_1_4cdf653d10.npz,1445,1445,0,21684,256,512,2,224,139,39,0.1,0.526292,0.263146,1.535,float16,gpu,1,
ok,S 210020844/02_2.fastpath,S 210020844#S 210020844#2##S#2.svs,/home/eteriny/projects/foundation_inference/outputs/uni_thyroid_patch256/S_210020844_02_2_0a9b5e9372.npz,411,411,0,74820,256,512,2,224,215,87,0.1,0.526292,0.263146,0.536,float16,gpu,1,
ok,S 210021006/01__.fastpath,S 210021006#S 210021006###S#1.svs,/home/eteriny/projects/foundation_inference/outputs/uni_thyroid_patch256/S_210021006_01_768fc775ff.npz,1501,1501,0,55332,256,512,2,224,159,87,0.1,0.526474,0.263237,1.657,float16,gpu,1,
ok,S 210021149/01__.fastpath,S 210021149#S 210021149###S#1.svs,/home/eteriny/projects/foundation_inference/outputs/uni_thyroid_patch256/S_210021149_01_7b47978d8e.npz,0,0,0,15496,256,512,2,224,149,26,0.1,0.528186,0.264093,0.003,float16,gpu,1,
ok,S 210021310/01_1.fastpath,S 210021310#S 210021310#1##S#1.svs,/home/eteriny/projects/foundation_inference/outputs/uni_thyroid_patch256/S_210021310_01_1_fc6a500202.npz,743,743,0,35040,256,512,2,224,146,60,0.1,0.528186,0.264093,0.823,float16,gpu,1,
ok,S 210021310/02_2.fastpath,S 210021310#S 210021310#2##S#2.svs,/home/eteriny/projects/foundation_inference/outputs/uni_thyroid_patch256/S_210021310_02_2_988bec4136.npz,857,857,0,23840,256,512,2,224,149,40,0.1,0.528186,0.264093,0.935,float16,gpu,1,
ok,S 210021447/01_1.fastpath,S 210021447#S 210021447#1##S#1.svs,/home/eteriny/projects/foundation_inference/outputs/uni_thyroid_patch256/S_210021447_01_1_e0b18bbb1f.npz,484,484,0,11440,256,512,2,224,130,22,0.1,0.528186,0.264093,0.536,float16,gpu,1,
ok,S 210021447/02_2.fastpath,S 210021447#S 210021447#2##S#2.svs,/home/eteriny/projects/foundation_inference/outputs/uni_thyroid_patch256/S_210021447_02_2_ed26a8b565.npz,466,466,0,10472,256,512,2,224,119,22,0.1,0.528186,0.264093,0.513,float16,gpu,1,
ok,S 210022353/01__.fastpath,S 210022353####.svs,/home/eteriny/projects/foundation_inference/outputs/uni_thyroid_patch256/S_210022353_01_f1a174cb89.npz,1167,1167,0,49352,256,512,2,224,199,62,0.1,0.526292,0.263146,1.297,float16,gpu,1,
ok,S 210022523/01__.fastpath,S 210022523#S 210022523###S#1.svs,/home/eteriny/projects/foundation_inference/outputs/uni_thyroid_patch256/S_210022523_01_64d29e65c6.npz,372,372,0,38528,256,512,2,224,172,56,0.1,0.526292,0.263146,0.471,float16,gpu,1,
ok,S 210022678/01__.fastpath,S 210022678#S 210022678###S#1.svs,/home/eteriny/projects/foundation_inference/outputs/uni_thyroid_patch256/S_210022678_01_320a7bd078.npz,1732,1732,0,26884,256,512,2,224,143,47,0.1,0.527366,0.263683,1.786,float16,gpu,1,
ok,S 210022861/00__.fastpath,S 210022861###S#0.svs,/home/eteriny/projects/foundation_inference/outputs/uni_thyroid_patch256/S_210022861_00_942cf3a985.npz,453,453,0,22648,256,512,2,224,149,38,0.1,0.527366,0.263683,0.521,float16,gpu,1,
ok,S 210022997/01_1.fastpath,S 210022997#S 210022997#1##S#1.svs,/home/eteriny/projects/foundation_inference/outputs/uni_thyroid_patch256/S_210022997_01_1_2214a80b87.npz,1199,1199,0,20880,256,512,2,224,145,36,0.1,0.526028,0.263014,1.285,float16,gpu,1,
ok,S 210022997/02_2.fastpath,S 210022997#S 210022997#2##S#2.svs,/home/eteriny/projects/foundation_inference/outputs/uni_thyroid_patch256/S_210022997_02_2_df8a46b5f4.npz,1460,1460,0,28028,256,512,2,224,143,49,0.1,0.526028,0.263014,1.498,float16,gpu,1,
ok,S 210022998/01__.fastpath,S 210022998#S 210022998###S#1.svs,/home/eteriny/projects/foundation_inference/outputs/uni_thyroid_patch256/S_210022998_01_1822f3e245.npz,2337,2337,0,22344,256,512,2,224,114,49,0.1,0.528186,0.264093,2.451,float16,gpu,1,
ok,S 210023311/01__.fastpath,S 210023311#S 210023311###S#1.svs,/home/eteriny/projects/foundation_inference/outputs/uni_thyroid_patch256/S_210023311_01_15a80b7e2a.npz,1208,1208,0,21420,256,512,2,224,153,35,0.1,0.526292,0.263146,1.261,float16,gpu,1,
ok,S 210023588/01_1.fastpath,S 210023588#S 210023588#1##S#1.svs,/home/eteriny/projects/foundation_inference/outputs/uni_thyroid_patch256/S_210023588_01_1_548384e65c.npz,1251,1251,0,51340,256,512,2,224,151,85,0.1,0.526474,0.263237,1.400,float16,gpu,1,
ok,S 210023588/02_2.fastpath,S 210023588#S 210023588#2##S#2.svs,/home/eteriny/projects/foundation_inference/outputs/uni_thyroid_patch256/S_210023588_02_2_f0a197d5c0.npz,39,39,0,24960,256,512,2,224,130,48,0.1,0.526474,0.263237,0.102,float16,gpu,1,
ok,S 210024365/01_1.fastpath,S 210024365#S 210024365#1##S#1.svs,/home/eteriny/projects/foundation_inference/outputs/uni_thyroid_patch256/S_210024365_01_1_f501fd7c1c.npz,1172,1172,0,29760,256,512,2,224,155,48,0.1,0.526474,0.263237,1.297,float16,gpu,1,
ok,S 210024365/02_2.fastpath,S 210024365#S 210024365#2##S#2.svs,/home/eteriny/projects/foundation_inference/outputs/uni_thyroid_patch256/S_210024365_02_2_3f8495be2f.npz,710,710,0,22496,256,512,2,224,152,37,0.1,0.526474,0.263237,0.812,float16,gpu,1,
ok,S 210024377/01__.fastpath,S 210024377#S 210024377###S#1.svs,/home/eteriny/projects/foundation_inference/outputs/uni_thyroid_patch256/S_210024377_01_4e221faba3.npz,1175,1175,0,31200,256,512,2,224,156,50,0.1,0.526474,0.263237,1.225,float16,gpu,1,
ok,S 210024832/01__.fastpath,S 210024832#S 210024832###S#1.svs,/home/eteriny/projects/foundation_inference/outputs/uni_thyroid_patch256/S_210024832_01_233c6231a7.npz,647,647,0,36356,256,512,2,224,149,61,0.1,0.526292,0.263146,0.741,float16,gpu,1,
ok,S 210025114/01_1.fastpath,S 210025114#S 210025114#1##S#1.svs,/home/eteriny/projects/foundation_inference/outputs/uni_thyroid_patch256/S_210025114_01_1_71108db154.npz,280,280,0,17236,256,512,2,224,139,31,0.1,0.526474,0.263237,0.339,float16,gpu,1,
ok,S 210025114/02_2.fastpath,S 210025114#S 210025114#2##S#2.svs,/home/eteriny/projects/foundation_inference/outputs/uni_thyroid_patch256/S_210025114_02_2_25771f7ddb.npz,876,876,0,28196,256,512,2,224,133,53,0.1,0.526474,0.263237,0.958,float16,gpu,1,
ok,S 210025404/01_1.fastpath,S 210025404#S 210025404#1##S#1.svs,/home/eteriny/projects/foundation_inference/outputs/uni_thyroid_patch256/S_210025404_01_1_19e1fa9b6f.npz,1773,1773,0,21060,256,512,2,224,117,45,0.1,0.528186,0.264093,1.824,float16,gpu,1,
ok,S 210025404/02_2.fastpath,S 210025404#S 210025404#2##S#2.svs,/home/eteriny/projects/foundation_inference/outputs/uni_thyroid_patch256/S_210025404_02_2_c132afd509.npz,1904,1904,0,25456,256,512,2,224,148,43,0.1,0.528186,0.264093,1.946,float16,gpu,1,
ok,S 210025710/01_1.fastpath,S 210025710#S 210025710#1##S#1.svs,/home/eteriny/projects/foundation_inference/outputs/uni_thyroid_patch256/S_210025710_01_1_b74ca2208d.npz,1561,1561,0,25944,256,512,2,224,138,47,0.1,0.526474,0.263237,1.663,float16,gpu,1,
ok,S 210025710/02_2.fastpath,S 210025710#S 210025710#2##S#2.svs,/home/eteriny/projects/foundation_inference/outputs/uni_thyroid_patch256/S_210025710_02_2_46df073b85.npz,859,859,0,23244,256,512,2,224,149,39,0.1,0.526474,0.263237,0.919,float16,gpu,1,
ok,S 210025711/01__.fastpath,S 210025711#S 210025711###S#1.svs,/home/eteriny/projects/foundation_inference/outputs/uni_thyroid_patch256/S_210025711_01_7584e540d2.npz,3009,3009,0,23680,256,512,2,224,160,37,0.1,0.526474,0.263237,3.121,float16,gpu,1,
ok,S 210026182/01__.fastpath,S 210026182####.svs,/home/eteriny/projects/foundation_inference/outputs/uni_thyroid_patch256/S_210026182_01_0af114cb3c.npz,1165,1165,0,24600,256,512,2,224,150,41,0.1,0.526292,0.263146,1.301,float16,gpu,1,
ok,S 210026603/01_1.fastpath,S 210026603#S 210026603#1##S#1.svs,/home/eteriny/projects/foundation_inference/outputs/uni_thyroid_patch256/S_210026603_01_1_edd9f685ff.npz,206,206,0,13800,256,512,2,224,115,30,0.1,0.526474,0.263237,0.243,float16,gpu,1,
ok,S 210026603/02_2.fastpath,S 210026603#S 210026603#2##S#2.svs,/home/eteriny/projects/foundation_inference/outputs/uni_thyroid_patch256/S_210026603_02_2_8dd23aa327.npz,960,960,0,25092,256,512,2,224,123,51,0.1,0.526474,0.263237,1.050,float16,gpu,1,
ok,S 210026605/01__.fastpath,S 210026605#S 210026605###S#1.svs,/home/eteriny/projects/foundation_inference/outputs/uni_thyroid_patch256/S_210026605_01_0955e1a507.npz,1354,1354,0,16728,256,512,2,224,123,34,0.1,0.526474,0.263237,1.443,float16,gpu,1,
ok,S 210026786/01__.fastpath,S 210026786#S 210026786###S#1.svs,/home/eteriny/projects/foundation_inference/outputs/uni_thyroid_patch256/S_210026786_01_c08426d0ff.npz,881,881,0,22968,256,512,2,224,99,58,0.1,0.526474,0.263237,0.978,float16,gpu,1,
ok,S 210027142/01__.fastpath,S 210027142#S 210027142###S#1.svs,/home/eteriny/projects/foundation_inference/outputs/uni_thyroid_patch256/S_210027142_01_76f62cf8a8.npz,539,539,0,21712,256,512,2,224,118,46,0.1,0.526474,0.263237,0.611,float16,gpu,1,
ok,S 210027145/01__.fastpath,S 210027145#S 210027145###S#1.svs,/home/eteriny/projects/foundation_inference/outputs/uni_thyroid_patch256/S_210027145_01_6bd000ccc2.npz,1220,1220,0,23520,256,512,2,224,140,42,0.1,0.526474,0.263237,1.275,float16,gpu,1,
ok,S 210027295/01_1.fastpath,S 210027295#S 210027295#1##S#1.svs,/home/eteriny/projects/foundation_inference/outputs/uni_thyroid_patch256/S_210027295_01_1_f1e35113fe.npz,1437,1437,0,24764,256,512,2,224,151,41,0.1,0.526292,0.263146,1.501,float16,gpu,1,
ok,S 210027295/02_2.fastpath,S 210027295#S 210027295#2##S#2.svs,/home/eteriny/projects/foundation_inference/outputs/uni_thyroid_patch256/S_210027295_02_2_6aceb0ed50.npz,1577,1577,0,27832,256,512,2,224,142,49,0.1,0.526292,0.263146,1.658,float16,gpu,1,
ok,S 210027763/01__.fastpath,S 210027763#S 210027763###S#1.svs,/home/eteriny/projects/foundation_inference/outputs/uni_thyroid_patch256/S_210027763_01_7a98a7b476.npz,218,218,0,24888,256,512,2,224,122,51,0.1,0.528338,0.264169,0.333,float16,gpu,1,
ok,S 210028831/01_1.fastpath,S 210028831#S 210028831#1##S#1.svs,/home/eteriny/projects/foundation_inference/outputs/uni_thyroid_patch256/S_210028831_01_1_719c0a881c.npz,1183,1183,0,23400,256,512,2,224,150,39,0.1,0.527366,0.263683,1.264,float16,gpu,1,
ok,S 210028831/02_2.fastpath,S 210028831#S 210028831#2##S#2.svs,/home/eteriny/projects/foundation_inference/outputs/uni_thyroid_patch256/S_210028831_02_2_011eee10c1.npz,3785,3785,0,25428,256,512,2,224,163,39,0.1,0.527366,0.263683,3.958,float16,gpu,1,
ok,S 210028838/01__.fastpath,S 210028838#S 210028838###S#1.svs,/home/eteriny/projects/foundation_inference/outputs/uni_thyroid_patch256/S_210028838_01_ae60acc293.npz,1282,1282,0,22080,256,512,2,224,138,40,0.1,0.527366,0.263683,1.343,float16,gpu,1,
ok,S 210029128/01_1.fastpath,S 210029128#S 210029128#1##S#1.svs,/home/eteriny/projects/foundation_inference/outputs/uni_thyroid_patch256/S_210029128_01_1_e0b19fca82.npz,0,0,0,14720,256,512,2,224,160,23,0.1,0.526474,0.263237,0.003,float16,gpu,1,
ok,S 210029128/02_2.fastpath,S 210029128#S 210029128#2##S#2.svs,/home/eteriny/projects/foundation_inference/outputs/uni_thyroid_patch256/S_210029128_02_2_322fc303c6.npz,720,720,0,37848,256,512,2,224,166,57,0.1,0.526474,0.263237,0.817,float16,gpu,1,
ok,S 210029438/01__.fastpath,S 210029438#S 210029438###S#1.svs,/home/eteriny/projects/foundation_inference/outputs/uni_thyroid_patch256/S_210029438_01_e4c5c2b7ba.npz,1231,1231,0,27456,256,512,2,224,143,48,0.1,0.528338,0.264169,1.309,float16,gpu,1,
ok,S 210029614/01__.fastpath,S 210029614#S 210029614###S#1.svs,/home/eteriny/projects/foundation_inference/outputs/uni_thyroid_patch256/S_210029614_01_2958a4eec4.npz,0,0,0,25308,256,512,2,224,171,37,0.1,0.528338,0.264169,0.004,float16,gpu,1,
ok,S 210029955/01__.fastpath,S 210029955#S 210029955###S#1.svs,/home/eteriny/projects/foundation_inference/outputs/uni_thyroid_patch256/S_210029955_01_ceb584c353.npz,2722,2722,0,26040,256,512,2,224,155,42,0.1,0.526474,0.263237,2.808,float16,gpu,1,
ok,S 210030387/01__.fastpath,S 210030387#S 210030387###S#1.svs,/home/eteriny/projects/foundation_inference/outputs/uni_thyroid_patch256/S_210030387_01_beeb81dfd9.npz,2385,2385,0,26928,256,512,2,224,153,44,0.1,0.526474,0.263237,2.473,float16,gpu,1,
ok,S 210030690/01__.fastpath,S 210030690#S 210030690###S#1.svs,/home/eteriny/projects/foundation_inference/outputs/uni_thyroid_patch256/S_210030690_01_f6c1c69141.npz,1946,1946,0,31104,256,512,2,224,144,54,0.1,0.527366,0.263683,2.049,float16,gpu,1,
ok,S 210030976/01__.fastpath,S 210030976#S 210030976###S#1.svs,/home/eteriny/projects/foundation_inference/outputs/uni_thyroid_patch256/S_210030976_01_a30f9a4dda.npz,946,946,0,26880,256,512,2,224,120,56,0.1,0.528338,0.264169,1.070,float16,gpu,1,
ok,S 210031136/01__.fastpath,S 210031136#S 210031136###S#1.svs,/home/eteriny/projects/foundation_inference/outputs/uni_thyroid_patch256/S_210031136_01_2601d283bd.npz,610,610,0,20448,256,512,2,224,142,36,0.1,0.526292,0.263146,0.679,float16,gpu,1,
ok,S 210031284/01__.fastpath,S 210031284#S 210031284###S#1.svs,/home/eteriny/projects/foundation_inference/outputs/uni_thyroid_patch256/S_210031284_01_76b3987fa9.npz,1247,1247,0,21608,256,512,2,224,146,37,0.1,0.527366,0.263683,1.365,float16,gpu,1,
ok,S 210031447/01__.fastpath,S 210031447#S 210031447###S#1.svs,/home/eteriny/projects/foundation_inference/outputs/uni_thyroid_patch256/S_210031447_01_a5b3944cb7.npz,1882,1882,0,42976,256,512,2,224,158,68,0.1,0.526292,0.263146,2.020,float16,gpu,1,
ok,S 210031570/01__.fastpath,S 210031570#S 210031570###S#1.svs,/home/eteriny/projects/foundation_inference/outputs/uni_thyroid_patch256/S_210031570_01_d7d93afdbc.npz,2431,2431,0,25944,256,512,2,224,141,46,0.1,0.527366,0.263683,2.575,float16,gpu,1,
ok,S 210031571/01_1.fastpath,S 210031571#S 210031571#1##S#1.svs,/home/eteriny/projects/foundation_inference/outputs/uni_thyroid_patch256/S_210031571_01_1_bc1a8e60c4.npz,1036,1036,0,22932,256,512,2,224,147,39,0.1,0.528338,0.264169,1.093,float16,gpu,1,
ok,S 210031571/02_2.fastpath,S 210031571#S 210031571#2##S#2.svs,/home/eteriny/projects/foundation_inference/outputs/uni_thyroid_patch256/S_210031571_02_2_2249764a4a.npz,734,734,0,19584,256,512,2,224,144,34,0.1,0.528338,0.264169,0.832,float16,gpu,1,
ok,S 210031583/01__.fastpath,S 210031583#S 210031583###S#1.svs,/home/eteriny/projects/foundation_inference/outputs/uni_thyroid_patch256/S_210031583_01_5832d6f878.npz,1186,1186,0,25020,256,512,2,224,139,45,0.1,0.527366,0.263683,1.259,float16,gpu,1,
ok,S 210031742/00_1.fastpath,S 210031742#1##S#0.svs,/home/eteriny/projects/foundation_inference/outputs/uni_thyroid_patch256/S_210031742_00_1_94ac7bfc40.npz,1658,1658,0,27048,256,512,2,224,147,46,0.1,0.528338,0.264169,1.693,float16,gpu,1,
ok,S 210031742/00_2.fastpath,S 210031742#2##S#0.svs,/home/eteriny/projects/foundation_inference/outputs/uni_thyroid_patch256/S_210031742_00_2_5b72557c1f.npz,1265,1265,0,24768,256,512,2,224,144,43,0.1,0.528338,0.264169,1.321,float16,gpu,1,
ok,S 210031857/01_1.fastpath,S 210031857#S 210031857#1##S#1.svs,/home/eteriny/projects/foundation_inference/outputs/uni_thyroid_patch256/S_210031857_01_1_5cfe4a07c8.npz,173,173,0,24424,256,512,2,224,142,43,0.1,0.526474,0.263237,0.253,float16,gpu,1,
ok,S 210031857/02_2.fastpath,S 210031857#S 210031857#2##S#2.svs,/home/eteriny/projects/foundation_inference/outputs/uni_thyroid_patch256/S_210031857_02_2_46f3c71e86.npz,1359,1359,0,26680,256,512,2,224,145,46,0.1,0.526474,0.263237,1.445,float16,gpu,1,
ok,S 210032031/01__.fastpath,S 210032031#S 210032031###S#1.svs,/home/eteriny/projects/foundation_inference/outputs/uni_thyroid_patch256/S_210032031_01_2f0fffb55d.npz,1803,1803,0,28952,256,512,2,224,154,47,0.1,0.526474,0.263237,1.859,float16,gpu,1,
ok,S 210032055/01__.fastpath,S 210032055#S 210032055###S#1.svs,/home/eteriny/projects/foundation_inference/outputs/uni_thyroid_patch256/S_210032055_01_8ea852234c.npz,1180,1180,0,33220,256,512,2,224,151,55,0.1,0.527366,0.263683,1.311,float16,gpu,1,
ok,S 210032157/01__.fastpath,S 210032157#S 210032157###S#1.svs,/home/eteriny/projects/foundation_inference/outputs/uni_thyroid_patch256/S_210032157_01_c3ab0f38ae.npz,891,891,0,22776,256,512,2,224,146,39,0.1,0.526474,0.263237,0.953,float16,gpu,1,
ok,S 210032465/01__.fastpath,S 210032465#S 210032465###S#1.svs,/home/eteriny/projects/foundation_inference/outputs/uni_thyroid_patch256/S_210032465_01_8ab1e4b5e4.npz,1552,1552,0,25456,256,512,2,224,148,43,0.1,0.526292,0.263146,1.599,float16,gpu,1,
ok,S 210032466/01__.fastpath,S 210032466#S 210032466###S#1.svs,/home/eteriny/projects/foundation_inference/outputs/uni_thyroid_patch256/S_210032466_01_5f18ea7098.npz,1952,1952,0,22648,256,512,2,224,149,38,0.1,0.526292,0.263146,2.009,float16,gpu,1,
ok,S 210032469/01__.fastpath,S 210032469#S 210032469###S#1.svs,/home/eteriny/projects/foundation_inference/outputs/uni_thyroid_patch256/S_210032469_01_6017234517.npz,1057,1057,0,19992,256,512,2,224,147,34,0.1,0.526292,0.263146,1.125,float16,gpu,1,
ok,S 210033100/01_1.fastpath,S 210033100#S 210033100#1##S#1.svs,/home/eteriny/projects/foundation_inference/outputs/uni_thyroid_patch256/S_210033100_01_1_ee2396843d.npz,1098,1098,0,36240,256,512,2,224,151,60,0.1,0.526292,0.263146,1.146,float16,gpu,1,
ok,S 210033100/02_2.fastpath,S 210033100#S 210033100#2##S#2.svs,/home/eteriny/projects/foundation_inference/outputs/uni_thyroid_patch256/S_210033100_02_2_ee21050cca.npz,689,689,0,31588,256,512,2,224,149,53,0.1,0.526292,0.263146,0.759,float16,gpu,1,
ok,S 210033100/03_3.fastpath,S 210033100#S 210033100#3##S#3.svs,/home/eteriny/projects/foundation_inference/outputs/uni_thyroid_patch256/S_210033100_03_3_e5fffd759a.npz,963,963,0,21600,256,512,2,224,150,36,0.1,0.526292,0.263146,1.015,float16,gpu,1,
ok,S 210033413/01__.fastpath,S 210033413#S 210033413###S#1.svs,/home/eteriny/projects/foundation_inference/outputs/uni_thyroid_patch256/S_210033413_01_4ab4ff579d.npz,1292,1292,0,32032,256,512,2,224,154,52,0.1,0.528338,0.264169,1.399,float16,gpu,1,
ok,S 210033424/01__.fastpath,S 210033424#S 210033424###S#1.svs,/home/eteriny/projects/foundation_inference/outputs/uni_thyroid_patch256/S_210033424_01_18819f99b5.npz,1395,1395,0,25380,256,512,2,224,141,45,0.1,0.528338,0.264169,1.455,float16,gpu,1,
ok,S 210033720/01__.fastpath,S 210033720#S 210033720###S#1.svs,/home/eteriny/projects/foundation_inference/outputs/uni_thyroid_patch256/S_210033720_01_3ee6adcb65.npz,1650,1650,0,32780,256,512,2,224,149,55,0.1,0.526292,0.263146,1.775,float16,gpu,1,
ok,S 210034348/01__.fastpath,S 210034348#S 210034348###S#1.svs,/home/eteriny/projects/foundation_inference/outputs/uni_thyroid_patch256/S_210034348_01_acaa58f369.npz,1248,1248,0,25420,256,512,2,224,155,41,0.1,0.527366,0.263683,1.341,float16,gpu,1,
ok,S 210034645/01_1.fastpath,S 210034645#S 210034645#1##S#1.svs,/home/eteriny/projects/foundation_inference/outputs/uni_thyroid_patch256/S_210034645_01_1_29b84fde26.npz,901,901,0,18920,256,512,2,224,110,43,0.1,0.526292,0.263146,0.990,float16,gpu,1,
ok,S 210034645/02_2.fastpath,S 210034645#S 210034645#2##S#2.svs,/home/eteriny/projects/foundation_inference/outputs/uni_thyroid_patch256/S_210034645_02_2_7a0bf27353.npz,2541,2541,0,30336,256,512,2,224,158,48,0.1,0.526292,0.263146,2.652,float16,gpu,1,
ok,S 210034645/03_3.fastpath,S 210034645#S 210034645#3##S#3.svs,/home/eteriny/projects/foundation_inference/outputs/uni_thyroid_patch256/S_210034645_03_3_d45cb1e63b.npz,905,905,0,21996,256,512,2,224,141,39,0.1,0.526292,0.263146,0.972,float16,gpu,1,
ok,S 210034657/01_1.fastpath,S 210034657#S 210034657#1##S#1.svs,/home/eteriny/projects/foundation_inference/outputs/uni_thyroid_patch256/S_210034657_01_1_26d6ea60e7.npz,1244,1244,0,27456,256,512,2,224,156,44,0.1,0.526474,0.263237,1.316,float16,gpu,1,
ok,S 210034657/02_2.fastpath,S 210034657#S 210034657#2##S#2.svs,/home/eteriny/projects/foundation_inference/outputs/uni_thyroid_patch256/S_210034657_02_2_8966b497ea.npz,1679,1679,0,26376,256,512,2,224,157,42,0.1,0.526474,0.263237,1.718,float16,gpu,1,
ok,S 210035113/01__.fastpath,S 210035113#S 210035113###S#1.svs,/home/eteriny/projects/foundation_inference/outputs/uni_thyroid_patch256/S_210035113_01_8359175817.npz,1123,1123,0,23940,256,512,2,224,171,35,0.1,0.526474,0.263237,1.207,float16,gpu,1,
ok,S 210035735/01__.fastpath,S 210035735#S 210035735###S#1.svs,/home/eteriny/projects/foundation_inference/outputs/uni_thyroid_patch256/S_210035735_01_c8f32f51e9.npz,1773,1773,0,29596,256,512,2,224,151,49,0.1,0.526292,0.263146,1.829,float16,gpu,1,
ok,S 210036250/01__.fastpath,S 210036250#S 210036250###S#1.svs,/home/eteriny/projects/foundation_inference/outputs/uni_thyroid_patch256/S_210036250_01_b41b9193d5.npz,1824,1824,0,33376,256,512,2,224,149,56,0.1,0.527366,0.263683,1.928,float16,gpu,1,
ok,S 210036745/01_1.fastpath,S 210036745#S 210036745#1##S#1.svs,/home/eteriny/projects/foundation_inference/outputs/uni_thyroid_patch256/S_210036745_01_1_b6590a4628.npz,1395,1395,0,30528,256,512,2,224,144,53,0.1,0.527366,0.263683,1.468,float16,gpu,1,
ok,S 210036745/02_2.fastpath,S 210036745#S 210036745#2##S#2.svs,/home/eteriny/projects/foundation_inference/outputs/uni_thyroid_patch256/S_210036745_02_2_7df5fcbd39.npz,111,111,0,20808,256,512,2,224,153,34,0.1,0.527366,0.263683,0.182,float16,gpu,1,
ok,S 210036875/01__.fastpath,S 210036875#S 210036875###S#1.svs,/home/eteriny/projects/foundation_inference/outputs/uni_thyroid_patch256/S_210036875_01_efa07acd25.npz,1054,1054,0,23556,256,512,2,224,151,39,0.1,0.526292,0.263146,1.135,float16,gpu,1,
ok,S 210036885/01__.fastpath,S 210036885#S 210036885###S#1.svs,/home/eteriny/projects/foundation_inference/outputs/uni_thyroid_patch256/S_210036885_01_cf18ecb764.npz,1671,1671,0,28812,256,512,2,224,147,49,0.1,0.526292,0.263146,1.765,float16,gpu,1,
ok,S 210037173/01__.fastpath,S 210037173#S 210037173###S#1.svs,/home/eteriny/projects/foundation_inference/outputs/uni_thyroid_patch256/S_210037173_01_f7bb4fc444.npz,3293,3293,0,30912,256,512,2,224,168,46,0.1,0.527366,0.263683,3.368,float16,gpu,1,
ok,S 210037178/01__.fastpath,S 210037178#S 210037178###S#1.svs,/home/eteriny/projects/foundation_inference/outputs/uni_thyroid_patch256/S_210037178_01_85b4bcc502.npz,2666,2666,0,24180,256,512,2,224,155,39,0.1,0.527366,0.263683,2.834,float16,gpu,1,
ok,S 210037449/01__.fastpath,S 210037449#S 210037449###S#1.svs,/home/eteriny/projects/foundation_inference/outputs/uni_thyroid_patch256/S_210037449_01_ecd4f1352d.npz,1020,1020,0,26832,256,512,2,224,156,43,0.1,0.527366,0.263683,1.080,float16,gpu,1,
ok,S 210037756/01__.fastpath,S 210037756#S 210037756###S#1.svs,/home/eteriny/projects/foundation_inference/outputs/uni_thyroid_patch256/S_210037756_01_3dd29e5d75.npz,623,623,0,18240,256,512,2,224,114,40,0.1,0.526474,0.263237,0.672,float16,gpu,1,
ok,S 210038034/01__.fastpath,S 210038034#S 210038034###S#1.svs,/home/eteriny/projects/foundation_inference/outputs/uni_thyroid_patch256/S_210038034_01_453d398a08.npz,800,800,0,21684,256,512,2,224,139,39,0.1,0.526474,0.263237,0.889,float16,gpu,1,
ok,S 210038214/00__.fastpath,S 210038214###S#0.svs,/home/eteriny/projects/foundation_inference/outputs/uni_thyroid_patch256/S_210038214_00_85afd057eb.npz,1435,1435,0,29760,256,512,2,224,155,48,0.1,0.526474,0.263237,1.463,float16,gpu,1,
ok,S 210038319/01__.fastpath,S 210038319#S 210038319###S#1.svs,/home/eteriny/projects/foundation_inference/outputs/uni_thyroid_patch256/S_210038319_01_c6319c49c9.npz,1532,1532,0,33696,256,512,2,224,156,54,0.1,0.526474,0.263237,1.588,float16,gpu,1,
ok,S 210038651/01__.fastpath,S 210038651#S 210038651###S#1.svs,/home/eteriny/projects/foundation_inference/outputs/uni_thyroid_patch256/S_210038651_01_387d1bfa8a.npz,1559,1559,0,25004,256,512,2,224,133,47,0.1,0.526292,0.263146,1.623,float16,gpu,1,
ok,S 210038654/01__.fastpath,S 210038654#S 210038654###S#1.svs,/home/eteriny/projects/foundation_inference/outputs/uni_thyroid_patch256/S_210038654_01_00afa3d66d.npz,2280,2280,0,46428,256,512,2,224,159,73,0.1,0.526292,0.263146,2.421,float16,gpu,1,
ok,S 210038657/01__.fastpath,S 210038657#S 210038657###S#1.svs,/home/eteriny/projects/foundation_inference/outputs/uni_thyroid_patch256/S_210038657_01_68b519ca1f.npz,1992,1992,0,29200,256,512,2,224,146,50,0.1,0.526292,0.263146,2.077,float16,gpu,1,
ok,S 210038782/01__.fastpath,S 210038782#S 210038782###S#1.svs,/home/eteriny/projects/foundation_inference/outputs/uni_thyroid_patch256/S_210038782_01_d4f6f75f7e.npz,2722,2722,0,31376,256,512,2,224,148,53,0.1,0.528338,0.264169,2.794,float16,gpu,1,
ok,S 210038879/01__.fastpath,S 210038879#S 210038879###S#1.svs,/home/eteriny/projects/foundation_inference/outputs/uni_thyroid_patch256/S_210038879_01_c0285c8f84.npz,1412,1412,0,20496,256,512,2,224,122,42,0.1,0.526474,0.263237,1.496,float16,gpu,1,
ok,S 210039037/00_1.fastpath,S 210039037#1##S#0.svs,/home/eteriny/projects/foundation_inference/outputs/uni_thyroid_patch256/S_210039037_00_1_d1defd0def.npz,1666,1666,0,19780,256,512,2,224,115,43,0.1,0.527366,0.263683,1.774,float16,gpu,1,
ok,S 210039037/00_2.fastpath,S 210039037#2##S#0.svs,/home/eteriny/projects/foundation_inference/outputs/uni_thyroid_patch256/S_210039037_00_2_016cb23547.npz,490,490,0,13640,256,512,2,224,110,31,0.1,0.527366,0.263683,0.555,float16,gpu,1,
ok,S 210039047/01__.fastpath,S 210039047#S 210039047###S#1.svs,/home/eteriny/projects/foundation_inference/outputs/uni_thyroid_patch256/S_210039047_01_bfb4d4e290.npz,1054,1054,0,14076,256,512,2,224,153,23,0.1,0.526474,0.263237,1.104,float16,gpu,1,
ok,S 210039652/01__.fastpath,S 210039652#S 210039652###S#1.svs,/home/eteriny/projects/foundation_inference/outputs/uni_thyroid_patch256/S_210039652_01_7f95558988.npz,87,87,0,73960,256,512,2,224,215,86,0.1,0.528338,0.264169,0.181,float16,gpu,1,
ok,S 210039653/01__.fastpath,S 210039653#S 210039653###S#1.svs,/home/eteriny/projects/foundation_inference/outputs/uni_thyroid_patch256/S_210039653_01_b29738802f.npz,1008,1008,0,23736,256,512,2,224,138,43,0.1,0.528338,0.264169,1.076,float16,gpu,1,
ok,S 210040473/01_1.fastpath,S 210040473#S 210040473#1##S#1.svs,/home/eteriny/projects/foundation_inference/outputs/uni_thyroid_patch256/S_210040473_01_1_f61e825cb8.npz,428,428,0,19620,256,512,2,224,109,45,0.1,0.526474,0.263237,0.507,float16,gpu,1,
ok,S 210040473/02_2.fastpath,S 210040473#S 210040473#2##S#2.svs,/home/eteriny/projects/foundation_inference/outputs/uni_thyroid_patch256/S_210040473_02_2_077324de50.npz,290,290,0,30184,256,512,2,224,154,49,0.1,0.526474,0.263237,0.361,float16,gpu,1,
ok,S 210040622/01__.fastpath,S 210040622#S 210040622###S#1.svs,/home/eteriny/projects/foundation_inference/outputs/uni_thyroid_patch256/S_210040622_01_20e2d509a6.npz,514,514,0,12616,256,512,2,224,83,38,0.1,0.526474,0.263237,0.603,float16,gpu,1,
ok,S 210040772/01__.fastpath,S 210040772#S 210040772###S#1.svs,/home/eteriny/projects/foundation_inference/outputs/uni_thyroid_patch256/S_210040772_01_dda2bbca8b.npz,887,887,0,24160,256,512,2,224,151,40,0.1,0.528338,0.264169,0.953,float16,gpu,1,
ok,S 210040792/01_1.fastpath,S 210040792#S 210040792#1##S#1.svs,/home/eteriny/projects/foundation_inference/outputs/uni_thyroid_patch256/S_210040792_01_1_1c6d4e150e.npz,741,741,0,21460,256,512,2,224,145,37,0.1,0.528338,0.264169,0.841,float16,gpu,1,
ok,S 210040792/02_2.fastpath,S 210040792#S 210040792#2##S#2.svs,/home/eteriny/projects/foundation_inference/outputs/uni_thyroid_patch256/S_210040792_02_2_de763a418e.npz,623,623,0,19008,256,512,2,224,144,33,0.1,0.528338,0.264169,0.672,float16,gpu,1,
ok,S 210040909/01__.fastpath,S 210040909#S 210040909###S#1.svs,/home/eteriny/projects/foundation_inference/outputs/uni_thyroid_patch256/S_210040909_01_9b91dbb8e0.npz,2748,2748,0,32780,256,512,2,224,149,55,0.1,0.528338,0.264169,2.808,float16,gpu,1,
ok,S 210041069/01_1.fastpath,S 210041069#S 210041069#1##S#1.svs,/home/eteriny/projects/foundation_inference/outputs/uni_thyroid_patch256/S_210041069_01_1_5aedae96b7.npz,1237,1237,0,18748,256,512,2,224,109,43,0.1,0.528338,0.264169,1.304,float16,gpu,1,
ok,S 210041069/02_2.fastpath,S 210041069#S 210041069#2##S#2.svs,/home/eteriny/projects/foundation_inference/outputs/uni_thyroid_patch256/S_210041069_02_2_16b6b88357.npz,975,975,0,36720,256,512,2,224,153,60,0.1,0.528338,0.264169,1.064,float16,gpu,1,
ok,S 210041073/01__.fastpath,S 210041073#S 210041073###S#1.svs,/home/eteriny/projects/foundation_inference/outputs/uni_thyroid_patch256/S_210041073_01_f74258e073.npz,876,876,0,29328,256,512,2,224,141,52,0.1,0.528338,0.264169,0.943,float16,gpu,1,
ok,S 210041076/01__.fastpath,S 210041076#S 210041076###S#1.svs,/home/eteriny/projects/foundation_inference/outputs/uni_thyroid_patch256/S_210041076_01_5d6a61bef2.npz,1282,1282,0,25872,256,512,2,224,147,44,0.1,0.528338,0.264169,1.346,float16,gpu,1,
ok,S 210041241/00__.fastpath,S 210041241###S#0.svs,/home/eteriny/projects/foundation_inference/outputs/uni_thyroid_patch256/S_210041241_00_745a2d6539.npz,2373,2373,0,28416,256,512,2,224,148,48,0.1,0.528338,0.264169,2.443,float16,gpu,1,
ok,S 210041373/01__.fastpath,S 210041373#S 210041373###S#1.svs,/home/eteriny/projects/foundation_inference/outputs/uni_thyroid_patch256/S_210041373_01_ed4c0aa154.npz,2187,2187,0,29516,256,512,2,224,157,47,0.1,0.527366,0.263683,2.277,float16,gpu,1,
ok,S 210041532/01__.fastpath,S 210041532#S 210041532###S#1.svs,/home/eteriny/projects/foundation_inference/outputs/uni_thyroid_patch256/S_210041532_01_c812764809.npz,1532,1532,0,36580,256,512,2,224,155,59,0.1,0.527366,0.263683,1.623,float16,gpu,1,
ok,S 210041662/01__.fastpath,S 210041662#S 210041662###S#1.svs,/home/eteriny/projects/foundation_inference/outputs/uni_thyroid_patch256/S_210041662_01_586bd8d996.npz,726,726,0,21060,256,512,2,224,117,45,0.1,0.526474,0.263237,0.797,float16,gpu,1,
ok,S 210041907/01__.fastpath,S 210041907#S 210041907###S#1.svs,/home/eteriny/projects/foundation_inference/outputs/uni_thyroid_patch256/S_210041907_01_cdecb79ff7.npz,2667,2667,0,26316,256,512,2,224,153,43,0.1,0.526292,0.263146,2.784,float16,gpu,1,
ok,S 210041909/01__.fastpath,S 210041909#S 210041909###S#1.svs,/home/eteriny/projects/foundation_inference/outputs/uni_thyroid_patch256/S_210041909_01_a472e16a02.npz,1272,1272,0,28224,256,512,2,224,147,48,0.1,0.526292,0.263146,1.339,float16,gpu,1,
ok,S 210041999/01_1.fastpath,S 210041999#S 210041999#1##S#1.svs,/home/eteriny/projects/foundation_inference/outputs/uni_thyroid_patch256/S_210041999_01_1_3261071610.npz,843,843,0,29536,256,512,2,224,142,52,0.1,0.528338,0.264169,0.917,float16,gpu,1,
ok,S 210041999/02_2.fastpath,S 210041999#S 210041999#2##S#2.svs,/home/eteriny/projects/foundation_inference/outputs/uni_thyroid_patch256/S_210041999_02_2_bf2dff799a.npz,2212,2212,0,32500,256,512,2,224,125,65,0.1,0.528338,0.264169,2.339,float16,gpu,1,
ok,S 210042009/01__.fastpath,S 210042009#S 210042009###S#1.svs,/home/eteriny/projects/foundation_inference/outputs/uni_thyroid_patch256/S_210042009_01_54add218a7.npz,1262,1262,0,29524,256,512,2,224,121,61,0.1,0.528338,0.264169,1.394,float16,gpu,1,
ok,S 210042200/01__.fastpath,S 210042200#S 210042200###S#1.svs,/home/eteriny/projects/foundation_inference/outputs/uni_thyroid_patch256/S_210042200_01_264ed74034.npz,1376,1376,0,31920,256,512,2,224,140,57,0.1,0.527366,0.263683,1.441,float16,gpu,1,
ok,S 210042649/01__.fastpath,S 210042649#S 210042649###S#1.svs,/home/eteriny/projects/foundation_inference/outputs/uni_thyroid_patch256/S_210042649_01_3321bd239f.npz,1647,1647,0,24000,256,512,2,224,150,40,0.1,0.528338,0.264169,1.704,float16,gpu,1,
ok,S 210042650/01__.fastpath,S 210042650#S 210042650###S#1.svs,/home/eteriny/projects/foundation_inference/outputs/uni_thyroid_patch256/S_210042650_01_a6699c75c4.npz,917,917,0,31616,256,512,2,224,152,52,0.1,0.528338,0.264169,1.026,float16,gpu,1,
ok,S 210042651/01__.fastpath,S 210042651#S 210042651###S#1.svs,/home/eteriny/projects/foundation_inference/outputs/uni_thyroid_patch256/S_210042651_01_a1fe4132d3.npz,685,685,0,38280,256,512,2,224,145,66,0.1,0.528338,0.264169,0.778,float16,gpu,1,
ok,S 210042786/01__.fastpath,S 210042786#S 210042786###S#1.svs,/home/eteriny/projects/foundation_inference/outputs/uni_thyroid_patch256/S_210042786_01_5a95847a7a.npz,2315,2315,0,23532,256,512,2,224,159,37,0.1,0.528338,0.264169,2.427,float16,gpu,1,
ok,S 210043249/01__.fastpath,S 210043249#S 210043249###S#1.svs,/home/eteriny/projects/foundation_inference/outputs/uni_thyroid_patch256/S_210043249_01_6810a62c46.npz,2511,2511,0,25200,256,512,2,224,150,42,0.1,0.526292,0.263146,2.675,float16,gpu,1,
ok,S 210043258/01__.fastpath,S 210043258#S 210043258###S#1.svs,/home/eteriny/projects/foundation_inference/outputs/uni_thyroid_patch256/S_210043258_01_b1f8cde0c1.npz,1699,1699,0,26688,256,512,2,224,139,48,0.1,0.526292,0.263146,1.754,float16,gpu,1,
ok,S 210043264/01__.fastpath,S 210043264#S 210043264###S#1.svs,/home/eteriny/projects/foundation_inference/outputs/uni_thyroid_patch256/S_210043264_01_2b52fef189.npz,745,745,0,23452,256,512,2,224,143,41,0.1,0.527366,0.263683,0.838,float16,gpu,1,
ok,S 210043434/01__.fastpath,S 210043434#S 210043434###S#1.svs,/home/eteriny/projects/foundation_inference/outputs/uni_thyroid_patch256/S_210043434_01_7d10cf5c65.npz,2087,2087,0,24860,256,512,2,224,113,55,0.1,0.526292,0.263146,2.234,float16,gpu,1,
ok,S 210043472/01_1.fastpath,S 210043472#S 210043472#1##S#1.svs,/home/eteriny/projects/foundation_inference/outputs/uni_thyroid_patch256/S_210043472_01_1_5b43280716.npz,915,915,0,22080,256,512,2,224,115,48,0.1,0.526292,0.263146,1.021,float16,gpu,1,
ok,S 210043571/01__.fastpath,S 210043571#S 210043571###S#1.svs,/home/eteriny/projects/foundation_inference/outputs/uni_thyroid_patch256/S_210043571_01_74b15944bc.npz,1313,1313,0,24696,256,512,2,224,147,42,0.1,0.528338,0.264169,1.353,float16,gpu,1,
ok,S 210043856/01__.fastpath,S 210043856#S 210043856###S#1.svs,/home/eteriny/projects/foundation_inference/outputs/uni_thyroid_patch256/S_210043856_01_e612d0c43f.npz,113,113,0,40656,256,512,2,224,154,66,0.1,0.526474,0.263237,0.204,float16,gpu,1,
ok,S 210044127/01__.fastpath,S 210044127#S 210044127###S#1.svs,/home/eteriny/projects/foundation_inference/outputs/uni_thyroid_patch256/S_210044127_01_e8873edf2a.npz,2234,2234,0,27600,256,512,2,224,150,46,0.1,0.526474,0.263237,2.372,float16,gpu,1,
ok,S 210044134/01__.fastpath,S 210044134#S 210044134###S#1.svs,/home/eteriny/projects/foundation_inference/outputs/uni_thyroid_patch256/S_210044134_01_ff72a8abcf.npz,3440,3440,0,27180,256,512,2,224,151,45,0.1,0.526474,0.263237,3.560,float16,gpu,1,
ok,S 210044753/01__.fastpath,S 210044753#S 210044753###S#1.svs,/home/eteriny/projects/foundation_inference/outputs/uni_thyroid_patch256/S_210044753_01_f5ecaaefbb.npz,1913,1913,0,35164,256,512,2,224,149,59,0.1,0.526292,0.263146,2.056,float16,gpu,1,
ok,S 210044923/01__.fastpath,S 210044923#S 210044923###S#1.svs,/home/eteriny/projects/foundation_inference/outputs/uni_thyroid_patch256/S_210044923_01_e53098648e.npz,2152,2152,0,27900,256,512,2,224,155,45,0.1,0.526292,0.263146,2.248,float16,gpu,1,
ok,S 210045080/01__.fastpath,S 210045080#S 210045080###S#1.svs,/home/eteriny/projects/foundation_inference/outputs/uni_thyroid_patch256/S_210045080_01_6e0ea325a8.npz,2655,2655,0,32256,256,512,2,224,144,56,0.1,0.528338,0.264169,2.801,float16,gpu,1,
ok,S 210045229/01__.fastpath,S 210045229#S 210045229###S#1.svs,/home/eteriny/projects/foundation_inference/outputs/uni_thyroid_patch256/S_210045229_01_81e180990b.npz,1538,1538,0,23544,256,512,2,224,109,54,0.1,0.527366,0.263683,1.666,float16,gpu,1,
ok,S 210045621/01__.fastpath,S 210045621#S 210045621###S#1.svs,/home/eteriny/projects/foundation_inference/outputs/uni_thyroid_patch256/S_210045621_01_ba872a8515.npz,1810,1810,0,21600,256,512,2,224,150,36,0.1,0.526292,0.263146,1.880,float16,gpu,1,
ok,S 210045783/01_1.fastpath,S 210045783#S 210045783#1##S#1.svs,/home/eteriny/projects/foundation_inference/outputs/uni_thyroid_patch256/S_210045783_01_1_96cbffdb13.npz,567,567,0,15876,256,512,2,224,81,49,0.1,0.527366,0.263683,0.659,float16,gpu,1,
ok,S 210045783/02_2.fastpath,S 210045783#S 210045783#2##S#2.svs,/home/eteriny/projects/foundation_inference/outputs/uni_thyroid_patch256/S_210045783_02_2_1dda06b102.npz,1608,1608,0,29736,256,512,2,224,177,42,0.1,0.527366,0.263683,1.686,float16,gpu,1,
ok,S 210045786/01__.fastpath,S 210045786#S 210045786###S#1.svs,/home/eteriny/projects/foundation_inference/outputs/uni_thyroid_patch256/S_210045786_01_bebe4d22df.npz,1324,1324,0,28440,256,512,2,224,158,45,0.1,0.527366,0.263683,1.427,float16,gpu,1,
ok,S 210045787/01__.fastpath,S 210045787#S 210045787###S#1.svs,/home/eteriny/projects/foundation_inference/outputs/uni_thyroid_patch256/S_210045787_01_1ea08fd545.npz,3316,3316,0,30576,256,512,2,224,156,49,0.1,0.527366,0.263683,3.405,float16,gpu,1,
ok,S 210046060/01__.fastpath,S 210046060#S 210046060###S#1.svs,/home/eteriny/projects/foundation_inference/outputs/uni_thyroid_patch256/S_210046060_01_ffeccbb11b.npz,2445,2445,0,48300,256,512,2,224,175,69,0.1,0.526292,0.263146,2.538,float16,gpu,1,
ok,S 210046780/01_1.fastpath,S 210046780#S 210046780#1##S#1.svs,/home/eteriny/projects/foundation_inference/outputs/uni_thyroid_patch256/S_210046780_01_1_4da67584d8.npz,476,476,0,24104,256,512,2,224,131,46,0.1,0.528338,0.264169,0.549,float16,gpu,1,
ok,S 210046780/02_2.fastpath,S 210046780#S 210046780#2##S#2.svs,/home/eteriny/projects/foundation_inference/outputs/uni_thyroid_patch256/S_210046780_02_2_1cc2d50628.npz,1055,1055,0,19872,256,512,2,224,108,46,0.1,0.528338,0.264169,1.142,float16,gpu,1,
ok,S 210046781/01_1.fastpath,S 210046781#S 210046781#1##S#1.svs,/home/eteriny/projects/foundation_inference/outputs/uni_thyroid_patch256/S_210046781_01_1_3ffcc70b6d.npz,993,993,0,15984,256,512,2,224,111,36,0.1,0.528338,0.264169,1.099,float16,gpu,1,
ok,S 210046781/02_2.fastpath,S 210046781#S 210046781#2##S#2.svs,/home/eteriny/projects/foundation_inference/outputs/uni_thyroid_patch256/S_210046781_02_2_41d113efb4.npz,1252,1252,0,23460,256,512,2,224,115,51,0.1,0.528338,0.264169,1.343,float16,gpu,1,
ok,S 210046923/01__.fastpath,S 210046923#S 210046923###S#1.svs,/home/eteriny/projects/foundation_inference/outputs/uni_thyroid_patch256/S_210046923_01_b9b62bb8ea.npz,652,652,0,13312,256,512,2,224,104,32,0.1,0.528338,0.264169,0.725,float16,gpu,1,
ok,S 210047340/01__.fastpath,S 210047340#S 210047340###S#1.svs,/home/eteriny/projects/foundation_inference/outputs/uni_thyroid_patch256/S_210047340_01_d208e5553f.npz,3338,3338,0,27072,256,512,2,224,144,47,0.1,0.526292,0.263146,3.439,float16,gpu,1,
ok,S 210047343/01__.fastpath,S 210047343#S 210047343###S#1.svs,/home/eteriny/projects/foundation_inference/outputs/uni_thyroid_patch256/S_210047343_01_9de37bac12.npz,2368,2368,0,27664,256,512,2,224,133,52,0.1,0.526292,0.263146,2.466,float16,gpu,1,
ok,S 210047664/01_1.fastpath,S 210047664#S 210047664#1##S#1.svs,/home/eteriny/projects/foundation_inference/outputs/uni_thyroid_patch256/S_210047664_01_1_2622aa0163.npz,1410,1410,0,20944,256,512,2,224,154,34,0.1,0.528338,0.264169,1.518,float16,gpu,1,
ok,S 210047664/02_2.fastpath,S 210047664#S 210047664#2##S#2.svs,/home/eteriny/projects/foundation_inference/outputs/uni_thyroid_patch256/S_210047664_02_2_9ff4d4b8e8.npz,846,846,0,19312,256,512,2,224,142,34,0.1,0.528338,0.264169,0.901,float16,gpu,1,
ok,S 210048115/01__.fastpath,S 210048115#S 210048115###S#1.svs,/home/eteriny/projects/foundation_inference/outputs/uni_thyroid_patch256/S_210048115_01_3e859e01c6.npz,821,821,0,16160,256,512,2,224,101,40,0.1,0.526292,0.263146,0.902,float16,gpu,1,
ok,S 210048493/01__.fastpath,S 210048493#S 210048493###S#1.svs,/home/eteriny/projects/foundation_inference/outputs/uni_thyroid_patch256/S_210048493_01_8c6ce151e9.npz,601,601,0,26660,256,512,2,224,155,43,0.1,0.527366,0.263683,0.659,float16,gpu,1,
ok,S 210048494/01__.fastpath,S 210048494#S 210048494###S#1.svs,/home/eteriny/projects/foundation_inference/outputs/uni_thyroid_patch256/S_210048494_01_d941acd0a5.npz,221,221,0,24940,256,512,2,224,145,43,0.1,0.527366,0.263683,0.288,float16,gpu,1,
ok,S 210048645/01__.fastpath,S 210048645#S 210048645###S#1.svs,/home/eteriny/projects/foundation_inference/outputs/uni_thyroid_patch256/S_210048645_01_f72a63dc0d.npz,1697,1697,0,26400,256,512,2,224,150,44,0.1,0.527366,0.263683,1.769,float16,gpu,1,
ok,S 210048965/01__.fastpath,S 210048965#S 210048965###S#1.svs,/home/eteriny/projects/foundation_inference/outputs/uni_thyroid_patch256/S_210048965_01_48bb288b0f.npz,1264,1264,0,24024,256,512,2,224,143,42,0.1,0.526292,0.263146,1.376,float16,gpu,1,
ok,S 210048967/01__.fastpath,S 210048967#S 210048967###S#1.svs,/home/eteriny/projects/foundation_inference/outputs/uni_thyroid_patch256/S_210048967_01_05040c19ef.npz,1809,1809,0,18232,256,512,2,224,106,43,0.1,0.526292,0.263146,1.901,float16,gpu,1,
ok,S 210049113/01_1.fastpath,S 210049113#S 210049113#1##S#1.svs,/home/eteriny/projects/foundation_inference/outputs/uni_thyroid_patch256/S_210049113_01_1_f3cde0e896.npz,1372,1372,0,48024,256,512,2,224,174,69,0.1,0.526292,0.263146,1.481,float16,gpu,1,
ok,S 210049113/02_2.fastpath,S 210049113#S 210049113#2##S#2.svs,/home/eteriny/projects/foundation_inference/outputs/uni_thyroid_patch256/S_210049113_02_2_63a1776f9b.npz,178,178,0,22464,256,512,2,224,144,39,0.1,0.526292,0.263146,0.239,float16,gpu,1,
ok,S 210049745/01__.fastpath,S 210049745#S 210049745###S#1.svs,/home/eteriny/projects/foundation_inference/outputs/uni_thyroid_patch256/S_210049745_01_35b840294e.npz,1261,1261,0,24072,256,512,2,224,118,51,0.1,0.526292,0.263146,1.387,float16,gpu,1,
ok,S 210049745/02____D.fastpath,S 210049745#S 210049745##D#S#2.svs,/home/eteriny/projects/foundation_inference/outputs/uni_thyroid_patch256/S_210049745_02____D_4dae037d54.npz,955,955,0,10736,256,512,2,224,61,44,0.1,0.526474,0.263237,1.139,float16,gpu,1,
ok,S 210049745/03____D.fastpath,S 210049745#S 210049745##D#S#3.svs,/home/eteriny/projects/foundation_inference/outputs/uni_thyroid_patch256/S_210049745_03____D_56270cff95.npz,976,976,0,10384,256,512,2,224,59,44,0.1,0.526474,0.263237,1.115,float16,gpu,1,
ok,S 210049747/01__.fastpath,S 210049747#S 210049747###S#1.svs,/home/eteriny/projects/foundation_inference/outputs/uni_thyroid_patch256/S_210049747_01_4c09622a0a.npz,1935,1935,0,44676,256,512,2,224,153,73,0.1,0.526292,0.263146,2.078,float16,gpu,1,
ok,S 210049753/01__.fastpath,S 210049753#S 210049753###S#1.svs,/home/eteriny/projects/foundation_inference/outputs/uni_thyroid_patch256/S_210049753_01_0c3c501b1f.npz,359,359,0,28968,256,512,2,224,142,51,0.1,0.526292,0.263146,0.429,float16,gpu,1,
ok,S 210050190/01__.fastpath,S 210050190#S 210050190###S#1.svs,/home/eteriny/projects/foundation_inference/outputs/uni_thyroid_patch256/S_210050190_01_175baf721d.npz,1209,1209,0,43160,256,512,2,224,166,65,0.1,0.528338,0.264169,1.305,float16,gpu,1,
ok,S 210050648/01__.fastpath,S 210050648#S 210050648###S#1.svs,/home/eteriny/projects/foundation_inference/outputs/uni_thyroid_patch256/S_210050648_01_5035cd65ea.npz,548,548,0,19980,256,512,2,224,111,45,0.1,0.527366,0.263683,0.605,float16,gpu,1,
ok,S 210050796/01__.fastpath,S 210050796#S 210050796###S#1.svs,/home/eteriny/projects/foundation_inference/outputs/uni_thyroid_patch256/S_210050796_01_e3a266361e.npz,615,615,0,15640,256,512,2,224,115,34,0.1,0.527366,0.263683,0.681,float16,gpu,1,
ok,S 210051141/01_1.fastpath,S 210051141#S 210051141#1##S#1.svs,/home/eteriny/projects/foundation_inference/outputs/uni_thyroid_patch256/S_210051141_01_1_7477757845.npz,374,374,0,44652,256,512,2,224,183,61,0.1,0.526292,0.263146,0.486,float16,gpu,1,
ok,S 210051141/02_2.fastpath,S 210051141#S 210051141#2##S#2.svs,/home/eteriny/projects/foundation_inference/outputs/uni_thyroid_patch256/S_210051141_02_2_00286d924d.npz,217,217,0,13568,256,512,2,224,106,32,0.1,0.526292,0.263146,0.275,float16,gpu,1,
ok,S 210051143/01__.fastpath,S 210051143#S 210051143###S#1.svs,/home/eteriny/projects/foundation_inference/outputs/uni_thyroid_patch256/S_210051143_01_cd1df3218d.npz,242,242,0,10120,256,512,2,224,115,22,0.1,0.526292,0.263146,0.304,float16,gpu,1,
ok,S 210051585/01__.fastpath,S 210051585#S 210051585###S#1.svs,/home/eteriny/projects/foundation_inference/outputs/uni_thyroid_patch256/S_210051585_01_c836c11d7c.npz,1563,1563,0,33728,256,512,2,224,136,62,0.1,0.528338,0.264169,1.640,float16,gpu,1,
ok,S 210052649/01_1.fastpath,S 210052649#S 210052649#1##S#1.svs,/home/eteriny/projects/foundation_inference/outputs/uni_thyroid_patch256/S_210052649_01_1_cde5a2bcc5.npz,922,922,0,20064,256,512,2,224,152,33,0.1,0.526292,0.263146,0.963,float16,gpu,1,
ok,S 210052649/02_2.fastpath,S 210052649#S 210052649#2##S#2.svs,/home/eteriny/projects/foundation_inference/outputs/uni_thyroid_patch256/S_210052649_02_2_7465a53b2b.npz,542,542,0,18816,256,512,2,224,147,32,0.1,0.526292,0.263146,0.594,float16,gpu,1,
ok,S 210053110/01__.fastpath,S 210053110#S 210053110###S#1.svs,/home/eteriny/projects/foundation_inference/outputs/uni_thyroid_patch256/S_210053110_01_81247aa31a.npz,1686,1686,0,23088,256,512,2,224,148,39,0.1,0.527366,0.263683,1.811,float16,gpu,1,
ok,S 210054800/01__.fastpath,S 210054800#S 210054800###S#1.svs,/home/eteriny/projects/foundation_inference/outputs/uni_thyroid_patch256/S_210054800_01_843545f296.npz,2121,2121,0,26752,256,512,2,224,152,44,0.1,0.526292,0.263146,2.169,float16,gpu,1,
ok,S 210055246/01__.fastpath,S 210055246#S 210055246###S#1.svs,/home/eteriny/projects/foundation_inference/outputs/uni_thyroid_patch256/S_210055246_01_cbd12338c0.npz,1432,1432,0,24640,256,512,2,224,140,44,0.1,0.527366,0.263683,1.505,float16,gpu,1,
ok,S 210055820/01_1.fastpath,S 210055820#S 210055820#1##S#1.svs,/home/eteriny/projects/foundation_inference/outputs/uni_thyroid_patch256/S_210055820_01_1_45e384c672.npz,1027,1027,0,18532,256,512,2,224,113,41,0.1,0.526246,0.263123,1.117,float16,gpu,1,
ok,S 210055820/02_2.fastpath,S 210055820#S 210055820#2##S#2.svs,/home/eteriny/projects/foundation_inference/outputs/uni_thyroid_patch256/S_210055820_02_2_58fda9e53c.npz,880,880,0,28608,256,512,2,224,149,48,0.1,0.526246,0.263123,0.985,float16,gpu,1,
ok,S 210055841/01__.fastpath,S 210055841#S 210055841###S#1.svs,/home/eteriny/projects/foundation_inference/outputs/uni_thyroid_patch256/S_210055841_01_c4b27a2c08.npz,1520,1520,0,27632,256,512,2,224,157,44,0.1,0.526246,0.263123,1.606,float16,gpu,1,
ok,S 210056002/01__.fastpath,S 210056002#S 210056002###S#1.svs,/home/eteriny/projects/foundation_inference/outputs/uni_thyroid_patch256/S_210056002_01_e78c6bb9ef.npz,1460,1460,0,35644,256,512,2,224,133,67,0.1,0.528338,0.264169,1.571,float16,gpu,1,
ok,S 210056004/01__.fastpath,S 210056004#S 210056004###S#1.svs,/home/eteriny/projects/foundation_inference/outputs/uni_thyroid_patch256/S_210056004_01_1bd7897eb8.npz,262,262,0,25576,256,512,2,224,139,46,0.1,0.528338,0.264169,0.349,float16,gpu,1,
ok,S 210056205/01__.fastpath,S 210056205#S 210056205###S#1.svs,/home/eteriny/projects/foundation_inference/outputs/uni_thyroid_patch256/S_210056205_01_a1661a53b0.npz,366,366,0,48508,256,512,2,224,181,67,0.1,0.52689,0.263445,0.451,float16,gpu,1,
ok,S 210056207/01__.fastpath,S 210056207#S 210056207###S#1.svs,/home/eteriny/projects/foundation_inference/outputs/uni_thyroid_patch256/S_210056207_01_96e754eff7.npz,470,470,0,19092,256,512,2,224,111,43,0.1,0.52689,0.263445,0.564,float16,gpu,1,
ok,S 210056385/01__.fastpath,S 210056385#S 210056385###S#1.svs,/home/eteriny/projects/foundation_inference/outputs/uni_thyroid_patch256/S_210056385_01_6568ca71bf.npz,941,941,0,20400,256,512,2,224,150,34,0.1,0.52689,0.263445,0.972,float16,gpu,1,
ok,S 210056387/01__.fastpath,S 210056387#S 210056387###S#1.svs,/home/eteriny/projects/foundation_inference/outputs/uni_thyroid_patch256/S_210056387_01_f2a3d033e5.npz,1643,1643,0,26040,256,512,2,224,155,42,0.1,0.52689,0.263445,1.717,float16,gpu,1,
ok,S 210056554/01__.fastpath,S 210056554#S 210056554###S#1.svs,/home/eteriny/projects/foundation_inference/outputs/uni_thyroid_patch256/S_210056554_01_a2fe5d13a6.npz,1445,1445,0,25252,256,512,2,224,107,59,0.1,0.528338,0.264169,1.521,float16,gpu,1,
ok,S 210057009/01__.fastpath,S 210057009#S 210057009###S#1.svs,/home/eteriny/projects/foundation_inference/outputs/uni_thyroid_patch256/S_210057009_01_b74882f1ec.npz,3127,3127,0,27232,256,512,2,224,148,46,0.1,0.526028,0.263014,3.203,float16,gpu,1,
ok,S 210057322/01__.fastpath,S 210057322#S 210057322###S#1.svs,/home/eteriny/projects/foundation_inference/outputs/uni_thyroid_patch256/S_210057322_01_f652508b7f.npz,1021,1021,0,29376,256,512,2,224,144,51,0.1,0.52689,0.263445,1.118,float16,gpu,1,
ok,S 210057476/00__.fastpath,S 210057476###S#0.svs,/home/eteriny/projects/foundation_inference/outputs/uni_thyroid_patch256/S_210057476_00_58416c4468.npz,834,834,0,24640,256,512,2,224,154,40,0.1,0.526028,0.263014,0.880,float16,gpu,1,
ok,S 210057609/00__.fastpath,S 210057609###S#0.svs,/home/eteriny/projects/foundation_inference/outputs/uni_thyroid_patch256/S_210057609_00_92cb609d81.npz,2814,2814,0,26864,256,512,2,224,146,46,0.1,0.526028,0.263014,2.876,float16,gpu,1,
ok,S 210057610/00__.fastpath,S 210057610###S#0.svs,/home/eteriny/projects/foundation_inference/outputs/uni_thyroid_patch256/S_210057610_00_f92ee8d521.npz,832,832,0,25200,256,512,2,224,140,45,0.1,0.526028,0.263014,0.943,float16,gpu,1,
ok,S 210057611/00__.fastpath,S 210057611###S#0.svs,/home/eteriny/projects/foundation_inference/outputs/uni_thyroid_patch256/S_210057611_00_16813d2081.npz,606,606,0,16016,256,512,2,224,143,28,0.1,0.526028,0.263014,0.666,float16,gpu,1,
ok,S 210058105/01__.fastpath,S 210058105#S 210058105###S#1.svs,/home/eteriny/projects/foundation_inference/outputs/uni_thyroid_patch256/S_210058105_01_107bf9d233.npz,3993,3993,0,33284,256,512,2,224,157,53,0.1,0.528338,0.264169,4.152,float16,gpu,1,
ok,S 210058197/01_1.fastpath,S 210058197#S 210058197#1##S#1.svs,/home/eteriny/projects/foundation_inference/outputs/uni_thyroid_patch256/S_210058197_01_1_32d06b98e1.npz,636,636,0,29952,256,512,2,224,144,52,0.1,0.528338,0.264169,0.723,float16,gpu,1,
ok,S 210058197/02_2.fastpath,S 210058197#S 210058197#2##S#2.svs,/home/eteriny/projects/foundation_inference/outputs/uni_thyroid_patch256/S_210058197_02_2_ab5b3514f0.npz,1351,1351,0,22644,256,512,2,224,153,37,0.1,0.528338,0.264169,1.468,float16,gpu,1,
ok,S 210058199/01__.fastpath,S 210058199#S 210058199###S#1.svs,/home/eteriny/projects/foundation_inference/outputs/uni_thyroid_patch256/S_210058199_01_4ac8bfa8b7.npz,3363,3363,0,27720,256,512,2,224,165,42,0.1,0.528338,0.264169,3.535,float16,gpu,1,
ok,S 210058736/01_1.fastpath,S 210058736#S 210058736#1##S#1.svs,/home/eteriny/projects/foundation_inference/outputs/uni_thyroid_patch256/S_210058736_01_1_43591a70a4.npz,1649,1649,0,43684,256,512,2,224,163,67,0.1,0.526246,0.263123,1.765,float16,gpu,1,
ok,S 210058736/02_2.fastpath,S 210058736#S 210058736#2##S#2.svs,/home/eteriny/projects/foundation_inference/outputs/uni_thyroid_patch256/S_210058736_02_2_f4bee138fb.npz,1102,1102,0,21808,256,512,2,224,116,47,0.1,0.526246,0.263123,1.210,float16,gpu,1,
ok,S 210058748/01__.fastpath,S 210058748#S 210058748###S#1.svs,/home/eteriny/projects/foundation_inference/outputs/uni_thyroid_patch256/S_210058748_01_4e244d19f1.npz,1376,1376,0,33660,256,512,2,224,153,55,0.1,0.526246,0.263123,1.455,float16,gpu,1,
ok,S 210058887/01_1.fastpath,S 210058887#S 210058887#1##S#1.svs,/home/eteriny/projects/foundation_inference/outputs/uni_thyroid_patch256/S_210058887_01_1_c21eb91b07.npz,836,836,0,17600,256,512,2,224,110,40,0.1,0.526246,0.263123,0.895,float16,gpu,1,
ok,S 210058887/02_2.fastpath,S 210058887#S 210058887#2##S#2.svs,/home/eteriny/projects/foundation_inference/outputs/uni_thyroid_patch256/S_210058887_02_2_eb3eb6fa13.npz,133,133,0,20424,256,512,2,224,111,46,0.1,0.526246,0.263123,0.205,float16,gpu,1,
ok,S 210059078/01__.fastpath,S 210059078#S 210059078###S#1.svs,/home/eteriny/projects/foundation_inference/outputs/uni_thyroid_patch256/S_210059078_01_2e2c18bb4d.npz,975,975,0,19520,256,512,2,224,122,40,0.1,0.526028,0.263014,1.046,float16,gpu,1,
ok,S 210059728/01__.fastpath,S 210059728#S 210059728###S#1.svs,/home/eteriny/projects/foundation_inference/outputs/uni_thyroid_patch256/S_210059728_01_5efc0aade6.npz,1111,1111,0,20928,256,512,2,224,109,48,0.1,0.52689,0.263445,1.204,float16,gpu,1,
ok,S 210060036/01__.fastpath,S 210060036#S 210060036###S#1.svs,/home/eteriny/projects/foundation_inference/outputs/uni_thyroid_patch256/S_210060036_01_16a9b3cf87.npz,221,221,0,16692,256,512,2,224,107,39,0.1,0.52689,0.263445,0.286,float16,gpu,1,
ok,S 210060504/01__.fastpath,S 210060504####.svs,/home/eteriny/projects/foundation_inference/outputs/uni_thyroid_patch256/S_210060504_01_c1217e0c60.npz,42,42,0,29744,256,512,2,224,143,52,0.1,0.526028,0.263014,0.106,float16,gpu,1,
ok,S 210061424/01_1.fastpath,S 210061424#S 210061424#1##S#1.svs,/home/eteriny/projects/foundation_inference/outputs/uni_thyroid_patch256/S_210061424_01_1_ebbb8a0804.npz,550,550,0,20672,256,512,2,224,136,38,0.1,0.526246,0.263123,0.640,float16,gpu,1,
ok,S 210061424/02_2.fastpath,S 210061424#S 210061424#2##S#2.svs,/home/eteriny/projects/foundation_inference/outputs/uni_thyroid_patch256/S_210061424_02_2_59df387efa.npz,1462,1462,0,29808,256,512,2,224,138,54,0.1,0.526246,0.263123,1.542,float16,gpu,1,
ok,S 210061737/01__.fastpath,S 210061737#S 210061737###S#1.svs,/home/eteriny/projects/foundation_inference/outputs/uni_thyroid_patch256/S_210061737_01_516cc7a163.npz,2393,2393,0,30740,256,512,2,224,145,53,0.1,0.52689,0.263445,2.467,float16,gpu,1,
ok,S 210062218/01_1.fastpath,S 210062218#S 210062218#1##S#1.svs,/home/eteriny/projects/foundation_inference/outputs/uni_thyroid_patch256/S_210062218_01_1_fdd9f246a0.npz,1310,1310,0,23460,256,512,2,224,115,51,0.1,0.526028,0.263014,1.414,float16,gpu,1,
ok,S 210062218/02_2.fastpath,S 210062218#S 210062218#2##S#2.svs,/home/eteriny/projects/foundation_inference/outputs/uni_thyroid_patch256/S_210062218_02_2_0bbb16783c.npz,2202,2202,0,30200,256,512,2,224,151,50,0.1,0.526028,0.263014,2.321,float16,gpu,1,
ok,S 210062532/01__.fastpath,S 210062532#S 210062532###S#1.svs,/home/eteriny/projects/foundation_inference/outputs/uni_thyroid_patch256/S_210062532_01_d5234dc9d4.npz,2945,2945,0,30800,256,512,2,224,154,50,0.1,0.52689,0.263445,3.026,float16,gpu,1,
ok,S 210062847/01__.fastpath,S 210062847#S 210062847###S#1.svs,/home/eteriny/projects/foundation_inference/outputs/uni_thyroid_patch256/S_210062847_01_7028944c6e.npz,2671,2671,0,29760,256,512,2,224,155,48,0.1,0.52689,0.263445,2.753,float16,gpu,1,
ok,S 210063151/01__.fastpath,S 210063151#S 210063151###S#1.svs,/home/eteriny/projects/foundation_inference/outputs/uni_thyroid_patch256/S_210063151_01_25b70a2dc7.npz,648,648,0,27456,256,512,2,224,143,48,0.1,0.526246,0.263123,0.739,float16,gpu,1,
ok,S 210063155/01_1.fastpath,S 210063155#S 210063155#1##S#1.svs,/home/eteriny/projects/foundation_inference/outputs/uni_thyroid_patch256/S_210063155_01_1_a1b12235ef.npz,1891,1891,0,36288,256,512,2,224,144,63,0.1,0.526246,0.263123,1.962,float16,gpu,1,
ok,S 210063155/02_2.fastpath,S 210063155#S 210063155#2##S#2.svs,/home/eteriny/projects/foundation_inference/outputs/uni_thyroid_patch256/S_210063155_02_2_ee8fe62820.npz,506,506,0,20216,256,512,2,224,133,38,0.1,0.526246,0.263123,0.562,float16,gpu,1,
ok,S 210063182/01__.fastpath,S 210063182#S 210063182###S#1.svs,/home/eteriny/projects/foundation_inference/outputs/uni_thyroid_patch256/S_210063182_01_9032b62a3b.npz,1525,1525,0,23560,256,512,2,224,155,38,0.1,0.526246,0.263123,1.707,float16,gpu,1,
ok,S 210063436/01__.fastpath,S 210063436#S 210063436###S#1.svs,/home/eteriny/projects/foundation_inference/outputs/uni_thyroid_patch256/S_210063436_01_73e12c5a1b.npz,2834,2834,0,25200,256,512,2,224,150,42,0.1,0.526246,0.263123,2.948,float16,gpu,1,
ok,S 210063437/01__.fastpath,S 210063437#S 210063437###S#1.svs,/home/eteriny/projects/foundation_inference/outputs/uni_thyroid_patch256/S_210063437_01_7c19f67660.npz,2969,2969,0,33516,256,512,2,224,147,57,0.1,0.526246,0.263123,3.139,float16,gpu,1,
ok,S 210063759/01__.fastpath,S 210063759#S 210063759###S#1.svs,/home/eteriny/projects/foundation_inference/outputs/uni_thyroid_patch256/S_210063759_01_2a9726cb6a.npz,2450,2450,0,21904,256,512,2,224,148,37,0.1,0.526028,0.263014,2.484,float16,gpu,1,
ok,S 210063766/01_1.fastpath,S 210063766#S 210063766#1##S#1.svs,/home/eteriny/projects/foundation_inference/outputs/uni_thyroid_patch256/S_210063766_01_1_e5f2a310dd.npz,882,882,0,30992,256,512,2,224,149,52,0.1,0.526028,0.263014,0.964,float16,gpu,1,
ok,S 210063766/02_2.fastpath,S 210063766#S 210063766#2##S#2.svs,/home/eteriny/projects/foundation_inference/outputs/uni_thyroid_patch256/S_210063766_02_2_51b797c2b7.npz,1384,1384,0,27456,256,512,2,224,143,48,0.1,0.526028,0.263014,1.510,float16,gpu,1,
ok,S 210063893/01_1.fastpath,S 210063893#S 210063893#1##S#1.svs,/home/eteriny/projects/foundation_inference/outputs/uni_thyroid_patch256/S_210063893_01_1_8890938304.npz,1043,1043,0,44220,256,512,2,224,165,67,0.1,0.526028,0.263014,1.182,float16,gpu,1,
ok,S 210063893/02_2.fastpath,S 210063893#S 210063893#2##S#2.svs,/home/eteriny/projects/foundation_inference/outputs/uni_thyroid_patch256/S_210063893_02_2_66e012fd3c.npz,990,990,0,26600,256,512,2,224,133,50,0.1,0.526028,0.263014,1.085,float16,gpu,1,
ok,S 210064020/01__.fastpath,S 210064020#S 210064020###S#1.svs,/home/eteriny/projects/foundation_inference/outputs/uni_thyroid_patch256/S_210064020_01_71df7dcd69.npz,1250,1250,0,23908,256,512,2,224,139,43,0.1,0.526028,0.263014,1.346,float16,gpu,1,
ok,S 210064180/01__.fastpath,S 210064180#S 210064180###S#1.svs,/home/eteriny/projects/foundation_inference/outputs/uni_thyroid_patch256/S_210064180_01_8d982d22bd.npz,2444,2444,0,75168,256,512,2,224,216,87,0.1,0.526028,0.263014,2.569,float16,gpu,1,
ok,S 210064188/01__.fastpath,S 210064188#S 210064188###S#1.svs,/home/eteriny/projects/foundation_inference/outputs/uni_thyroid_patch256/S_210064188_01_ae2f3dfcad.npz,1230,1230,0,32016,256,512,2,224,174,46,0.1,0.526028,0.263014,1.309,float16,gpu,1,
ok,S 210064343/01__.fastpath,S 210064343#S 210064343###S#1.svs,/home/eteriny/projects/foundation_inference/outputs/uni_thyroid_patch256/S_210064343_01_9ea3fa2f89.npz,570,570,0,19180,256,512,2,224,137,35,0.1,0.528338,0.264169,0.673,float16,gpu,1,
ok,S 210064610/01__.fastpath,S 210064610#S 210064610###S#1.svs,/home/eteriny/projects/foundation_inference/outputs/uni_thyroid_patch256/S_210064610_01_44a2b1e82c.npz,805,805,0,21000,256,512,2,224,150,35,0.1,0.526246,0.263123,0.862,float16,gpu,1,
ok,S 210065589/01__.fastpath,S 210065589#S 210065589###S#1.svs,/home/eteriny/projects/foundation_inference/outputs/uni_thyroid_patch256/S_210065589_01_f48a31bf0e.npz,1260,1260,0,19488,256,512,2,224,116,42,0.1,0.526028,0.263014,1.358,float16,gpu,1,
ok,S 210065731/01__.fastpath,S 210065731#S 210065731###S#1.svs,/home/eteriny/projects/foundation_inference/outputs/uni_thyroid_patch256/S_210065731_01_70329df940.npz,699,699,0,18000,256,512,2,224,125,36,0.1,0.528338,0.264169,0.790,float16,gpu,1,
ok,S 210065904/01__.fastpath,S 210065904#S 210065904###S#1.svs,/home/eteriny/projects/foundation_inference/outputs/uni_thyroid_patch256/S_210065904_01_8fff0cce36.npz,1722,1722,0,21840,256,512,2,224,140,39,0.1,0.528338,0.264169,1.765,float16,gpu,1,
ok,S 210066732/01__.fastpath,S 210066732#S 210066732###S#1.svs,/home/eteriny/projects/foundation_inference/outputs/uni_thyroid_patch256/S_210066732_01_58505962dc.npz,410,410,0,25032,256,512,2,224,149,42,0.1,0.526028,0.263014,0.466,float16,gpu,1,
ok,S 210066877/01__.fastpath,S 210066877#S 210066877###S#1.svs,/home/eteriny/projects/foundation_inference/outputs/uni_thyroid_patch256/S_210066877_01_da9f679d62.npz,2385,2385,0,46488,256,512,2,224,149,78,0.1,0.526028,0.263014,2.459,float16,gpu,1,
ok,S 210067198/00__.fastpath,S 210067198###S#0.svs,/home/eteriny/projects/foundation_inference/outputs/uni_thyroid_patch256/S_210067198_00_4dac53bf4e.npz,800,800,0,27360,256,512,2,224,95,72,0.1,0.526028,0.263014,0.904,float16,gpu,1,
ok,S 210067328/01__.fastpath,S 210067328#S 210067328###S#1.svs,/home/eteriny/projects/foundation_inference/outputs/uni_thyroid_patch256/S_210067328_01_2791a7f8e0.npz,1337,1337,0,28416,256,512,2,224,111,64,0.1,0.528338,0.264169,1.442,float16,gpu,1,
ok,S 210067593/01__.fastpath,S 210067593#S 210067593###S#1.svs,/home/eteriny/projects/foundation_inference/outputs/uni_thyroid_patch256/S_210067593_01_97c314df4f.npz,1259,1259,0,24000,256,512,2,224,150,40,0.1,0.526246,0.263123,1.323,float16,gpu,1,
ok,S 210067616/01__.fastpath,S 210067616#S 210067616###S#1.svs,/home/eteriny/projects/foundation_inference/outputs/uni_thyroid_patch256/S_210067616_01_fcfde1f2bd.npz,298,298,0,18000,256,512,2,224,150,30,0.1,0.526028,0.263014,0.358,float16,gpu,1,
ok,S 210067624/01__.fastpath,S 210067624#S 210067624###S#1.svs,/home/eteriny/projects/foundation_inference/outputs/uni_thyroid_patch256/S_210067624_01_d00c2f39eb.npz,940,940,0,20640,256,512,2,224,120,43,0.1,0.526028,0.263014,1.045,float16,gpu,1,
ok,S 210067915/01__.fastpath,S 210067915#S 210067915###S#1.svs,/home/eteriny/projects/foundation_inference/outputs/uni_thyroid_patch256/S_210067915_01_cc353d2a6d.npz,1772,1772,0,25168,256,512,2,224,143,44,0.1,0.526028,0.263014,1.834,float16,gpu,1,
ok,S 210068095/01__.fastpath,S 210068095#S 210068095###S#1.svs,/home/eteriny/projects/foundation_inference/outputs/uni_thyroid_patch256/S_210068095_01_c7ffdea594.npz,1559,1559,0,20572,256,512,2,224,139,37,0.1,0.526028,0.263014,1.627,float16,gpu,1,
ok,S 210068241/01_1.fastpath,S 210068241#S 210068241#1##S#1.svs,/home/eteriny/projects/foundation_inference/outputs/uni_thyroid_patch256/S_210068241_01_1_bff1a7512d.npz,804,804,0,22152,256,512,2,224,142,39,0.1,0.52689,0.263445,0.854,float16,gpu,1,
ok,S 210068241/02_2.fastpath,S 210068241#S 210068241#2##S#2.svs,/home/eteriny/projects/foundation_inference/outputs/uni_thyroid_patch256/S_210068241_02_2_aad8349376.npz,573,573,0,28616,256,512,2,224,146,49,0.1,0.52689,0.263445,0.665,float16,gpu,1,
ok,S 210068252/01__.fastpath,S 210068252#S 210068252###S#1.svs,/home/eteriny/projects/foundation_inference/outputs/uni_thyroid_patch256/S_210068252_01_8c2678e581.npz,623,623,0,30400,256,512,2,224,152,50,0.1,0.526246,0.263123,0.695,float16,gpu,1,
ok,S 210068832/01__.fastpath,S 210068832#S 210068832###S#1.svs,/home/eteriny/projects/foundation_inference/outputs/uni_thyroid_patch256/S_210068832_01_8747849665.npz,1995,1995,0,23680,256,512,2,224,148,40,0.1,0.526028,0.263014,2.116,float16,gpu,1,
ok,S 210069339/01__.fastpath,S 210069339#S 210069339###S#1.svs,/home/eteriny/projects/foundation_inference/outputs/uni_thyroid_patch256/S_210069339_01_100a865244.npz,1521,1521,0,22080,256,512,2,224,120,46,0.1,0.526246,0.263123,1.688,float16,gpu,1,
ok,S 210071213/01__.fastpath,S 210071213#S 210071213###S#1.svs,/home/eteriny/projects/foundation_inference/outputs/uni_thyroid_patch256/S_210071213_01_583598e5ee.npz,642,642,0,21904,256,512,2,224,148,37,0.1,0.526246,0.263123,0.728,float16,gpu,1,
ok,S 210071564/01__.fastpath,S 210071564#S 210071564###S#1.svs,/home/eteriny/projects/foundation_inference/outputs/uni_thyroid_patch256/S_210071564_01_4e94447a2d.npz,1473,1473,0,36356,256,512,2,224,149,61,0.1,0.526246,0.263123,1.531,float16,gpu,1,
ok,S 210071634/01__.fastpath,S 210071634#S 210071634###S#1.svs,/home/eteriny/projects/foundation_inference/outputs/uni_thyroid_patch256/S_210071634_01_ff3dfa4320.npz,1495,1495,0,30888,256,512,2,224,143,54,0.1,0.526246,0.263123,1.580,float16,gpu,1,
ok,S 210071814/00____D.fastpath,S 210071814#  #D.svs,/home/eteriny/projects/foundation_inference/outputs/uni_thyroid_patch256/S_210071814_00____D_55850b5c70.npz,838,838,0,20740,256,512,2,224,85,61,0.1,0.528338,0.264169,0.954,float16,gpu,1,
ok,S 210071814/01__.fastpath,S 210071814#S 210071814###S#1.svs,/home/eteriny/projects/foundation_inference/outputs/uni_thyroid_patch256/S_210071814_01_b09974a626.npz,1062,1062,0,22080,256,512,2,224,115,48,0.1,0.526028,0.263014,1.127,float16,gpu,1,
ok,S 210071823/01__.fastpath,S 210071823#S 210071823###S#1.svs,/home/eteriny/projects/foundation_inference/outputs/uni_thyroid_patch256/S_210071823_01_fd6ffb8561.npz,1332,1332,0,35496,256,512,2,224,153,58,0.1,0.526028,0.263014,1.389,float16,gpu,1,
ok,S 210071967/01__.fastpath,S 210071967#S 210071967###S#1.svs,/home/eteriny/projects/foundation_inference/outputs/uni_thyroid_patch256/S_210071967_01_2939025d9b.npz,946,946,0,36500,256,512,2,224,125,73,0.1,0.52689,0.263445,1.059,float16,gpu,1,
ok,S 210072097/01__.fastpath,S 210072097#S 210072097###S#1.svs,/home/eteriny/projects/foundation_inference/outputs/uni_thyroid_patch256/S_210072097_01_b3fb3af88d.npz,1122,1122,0,21328,256,512,2,224,124,43,0.1,0.52689,0.263445,1.155,float16,gpu,1,
ok,S 210072244/01__.fastpath,S 210072244#S 210072244###S#1.svs,/home/eteriny/projects/foundation_inference/outputs/uni_thyroid_patch256/S_210072244_01_cddf44235a.npz,2036,2036,0,32640,256,512,2,224,170,48,0.1,0.528338,0.264169,2.097,float16,gpu,1,
ok,S 210072254/01_1.fastpath,S 210072254#S 210072254#1##S#1.svs,/home/eteriny/projects/foundation_inference/outputs/uni_thyroid_patch256/S_210072254_01_1_ea77d279be.npz,1253,1253,0,24160,256,512,2,224,151,40,0.1,0.528338,0.264169,1.321,float16,gpu,1,
ok,S 210072254/02_2.fastpath,S 210072254#S 210072254#2##S#2.svs,/home/eteriny/projects/foundation_inference/outputs/uni_thyroid_patch256/S_210072254_02_2_80fb6a4f4c.npz,714,714,0,23088,256,512,2,224,156,37,0.1,0.528338,0.264169,0.756,float16,gpu,1,
ok,S 210072585/01__.fastpath,S 210072585#S 210072585###S#1.svs,/home/eteriny/projects/foundation_inference/outputs/uni_thyroid_patch256/S_210072585_01_31a8f6633d.npz,944,944,0,22680,256,512,2,224,126,45,0.1,0.526028,0.263014,1.036,float16,gpu,1,
ok,S 210072884/01_1.fastpath,S 210072884#S 210072884#1##S#1.svs,/home/eteriny/projects/foundation_inference/outputs/uni_thyroid_patch256/S_210072884_01_1_d8430969bf.npz,117,117,0,22032,256,512,2,224,153,36,0.1,0.52689,0.263445,0.168,float16,gpu,1,
ok,S 210072884/02_2.fastpath,S 210072884#S 210072884#2##S#2.svs,/home/eteriny/projects/foundation_inference/outputs/uni_thyroid_patch256/S_210072884_02_2_fb2d5b2058.npz,1220,1220,0,20700,256,512,2,224,115,45,0.1,0.52689,0.263445,1.305,float16,gpu,1,
ok,S 210073210/01__.fastpath,S 210073210#S 210073210###S#1.svs,/home/eteriny/projects/foundation_inference/outputs/uni_thyroid_patch256/S_210073210_01_c8f1812be8.npz,360,360,0,35380,256,512,2,224,145,61,0.1,0.528338,0.264169,0.441,float16,gpu,1,
ok,S 210073542/01__.fastpath,S 210073542#S 210073542###S#1.svs,/home/eteriny/projects/foundation_inference/outputs/uni_thyroid_patch256/S_210073542_01_cf844d2631.npz,1561,1561,0,24960,256,512,2,224,160,39,0.1,0.526028,0.263014,1.641,float16,gpu,1,
ok,S 210073809/01__.fastpath,S 210073809#S 210073809###S#1.svs,/home/eteriny/projects/foundation_inference/outputs/uni_thyroid_patch256/S_210073809_01_825bd11dde.npz,641,641,0,24436,256,512,2,224,149,41,0.1,0.526028,0.263014,0.695,float16,gpu,1,
ok,S 210073810/01__.fastpath,S 210073810#S 210073810###S#1.svs,/home/eteriny/projects/foundation_inference/outputs/uni_thyroid_patch256/S_210073810_01_63aa2a250a.npz,1222,1222,0,24192,256,512,2,224,144,42,0.1,0.526028,0.263014,1.292,float16,gpu,1,
ok,S 210073836/01__.fastpath,S 210073836#S 210073836###S#1.svs,/home/eteriny/projects/foundation_inference/outputs/uni_thyroid_patch256/S_210073836_01_65904a2f9b.npz,1254,1254,0,25440,256,512,2,224,159,40,0.1,0.526028,0.263014,1.342,float16,gpu,1,
ok,S 210074180/01__.fastpath,S 210074180#S 210074180###S#1.svs,/home/eteriny/projects/foundation_inference/outputs/uni_thyroid_patch256/S_210074180_01_5cb37adef5.npz,991,991,0,21060,256,512,2,224,135,39,0.1,0.52689,0.263445,1.048,float16,gpu,1,
ok,S 210074193/01__.fastpath,S 210074193#S 210074193###S#1.svs,/home/eteriny/projects/foundation_inference/outputs/uni_thyroid_patch256/S_210074193_01_a0e4a7ba4a.npz,929,929,0,16512,256,512,2,224,129,32,0.1,0.52689,0.263445,0.972,float16,gpu,1,
ok,S 210074766/01__.fastpath,S 210074766#S 210074766###S#1.svs,/home/eteriny/projects/foundation_inference/outputs/uni_thyroid_patch256/S_210074766_01_4ec121b1ef.npz,769,769,0,20440,256,512,2,224,146,35,0.1,0.526028,0.263014,0.838,float16,gpu,1,
ok,S 210074939/01_1.fastpath,S 210074939#S 210074939#1##S#1.svs,/home/eteriny/projects/foundation_inference/outputs/uni_thyroid_patch256/S_210074939_01_1_a390b59191.npz,710,710,0,21240,256,512,2,224,118,45,0.1,0.526028,0.263014,0.772,float16,gpu,1,
ok,S 210074939/02_2.fastpath,S 210074939#S 210074939#2##S#2.svs,/home/eteriny/projects/foundation_inference/outputs/uni_thyroid_patch256/S_210074939_02_2_db7c82bbf5.npz,321,321,0,18240,256,512,2,224,114,40,0.1,0.526028,0.263014,0.410,float16,gpu,1,
ok,S 210074939/03_3.fastpath,S 210074939#S 210074939#3##S#3.svs,/home/eteriny/projects/foundation_inference/outputs/uni_thyroid_patch256/S_210074939_03_3_0ab008a261.npz,1174,1174,0,32240,256,512,2,224,124,65,0.1,0.526028,0.263014,1.266,float16,gpu,1,
ok,S 210074952/01__.fastpath,S 210074952#S 210074952###S#1.svs,/home/eteriny/projects/foundation_inference/outputs/uni_thyroid_patch256/S_210074952_01_7a3edf7349.npz,1651,1651,0,31104,256,512,2,224,144,54,0.1,0.526028,0.263014,1.722,float16,gpu,1,
ok,S 210075277/01_1.fastpath,S 210075277#S 210075277#1##S#1.svs,/home/eteriny/projects/foundation_inference/outputs/uni_thyroid_patch256/S_210075277_01_1_84b62a94eb.npz,745,745,0,23200,256,512,2,224,116,50,0.1,0.526028,0.263014,0.841,float16,gpu,1,
ok,S 210075277/02_2.fastpath,S 210075277#S 210075277#2##S#2.svs,/home/eteriny/projects/foundation_inference/outputs/uni_thyroid_patch256/S_210075277_02_2_e7f27c0a6e.npz,794,794,0,22272,256,512,2,224,116,48,0.1,0.526028,0.263014,0.868,float16,gpu,1,
ok,S 210075589/01__.fastpath,S 210075589#S 210075589###S#1.svs,/home/eteriny/projects/foundation_inference/outputs/uni_thyroid_patch256/S_210075589_01_60465ec79e.npz,1616,1616,0,21016,256,512,2,224,142,37,0.1,0.526028,0.263014,1.660,float16,gpu,1,
ok,S 210075717/01_1.fastpath,S 210075717#S 210075717#1##S#1.svs,/home/eteriny/projects/foundation_inference/outputs/uni_thyroid_patch256/S_210075717_01_1_c26e6e4cfc.npz,783,783,0,20880,256,512,2,224,116,45,0.1,0.526028,0.263014,0.862,float16,gpu,1,
ok,S 210075717/02_2.fastpath,S 210075717#S 210075717#2##S#2.svs,/home/eteriny/projects/foundation_inference/outputs/uni_thyroid_patch256/S_210075717_02_2_d447296757.npz,1262,1262,0,30492,256,512,2,224,121,63,0.1,0.526028,0.263014,1.354,float16,gpu,1,
ok,S 210075881/01__.fastpath,S 210075881#S 210075881###S#1.svs,/home/eteriny/projects/foundation_inference/outputs/uni_thyroid_patch256/S_210075881_01_b0b7aa77ad.npz,673,673,0,32600,256,512,2,224,163,50,0.1,0.526028,0.263014,0.756,float16,gpu,1,
ok,S 210075883/01__.fastpath,S 210075883#S 210075883###S#1.svs,/home/eteriny/projects/foundation_inference/outputs/uni_thyroid_patch256/S_210075883_01_22384aa5b8.npz,0,0,0,22320,256,512,2,224,155,36,0.1,0.526028,0.263014,0.003,float16,gpu,1,
ok,S 210076034/01_1.fastpath,S 210076034#S 210076034#1##S#1.svs,/home/eteriny/projects/foundation_inference/outputs/uni_thyroid_patch256/S_210076034_01_1_8b70cf445f.npz,787,787,0,24928,256,512,2,224,152,41,0.1,0.526246,0.263123,0.908,float16,gpu,1,
ok,S 210076034/02_2.fastpath,S 210076034#S 210076034#2##S#2.svs,/home/eteriny/projects/foundation_inference/outputs/uni_thyroid_patch256/S_210076034_02_2_1c15d7686b.npz,824,824,0,23520,256,512,2,224,147,40,0.1,0.526246,0.263123,0.899,float16,gpu,1,
ok,S 210076034/03_3.fastpath,S 210076034#S 210076034#3##S#3.svs,/home/eteriny/projects/foundation_inference/outputs/uni_thyroid_patch256/S_210076034_03_3_95b274a326.npz,926,926,0,26928,256,512,2,224,153,44,0.1,0.526246,0.263123,0.976,float16,gpu,1,
ok,S 210077013/01__.fastpath,S 210077013#S 210077013###S#1.svs,/home/eteriny/projects/foundation_inference/outputs/uni_thyroid_patch256/S_210077013_01_11d9d48e33.npz,1149,1149,0,28336,256,512,2,224,154,46,0.1,0.526246,0.263123,1.242,float16,gpu,1,
ok,S 220000026/01__.fastpath,S 220000026#S 220000026###S#1.svs,/home/eteriny/projects/foundation_inference/outputs/uni_thyroid_patch256/S_220000026_01_255ce49abe.npz,1367,1367,0,21472,256,512,2,224,122,44,0.1,0.526028,0.263014,1.420,float16,gpu,1,
ok,S 220000779/01_1.fastpath,S 220000779#S 220000779#1##S#1.svs,/home/eteriny/projects/foundation_inference/outputs/uni_thyroid_patch256/S_220000779_01_1_e6d9c22a17.npz,1372,1372,0,25456,256,512,2,224,148,43,0.1,0.526246,0.263123,1.426,float16,gpu,1,
ok,S 220000779/02_2.fastpath,S 220000779#S 220000779#2##S#2.svs,/home/eteriny/projects/foundation_inference/outputs/uni_thyroid_patch256/S_220000779_02_2_8e074b32f8.npz,122,122,0,25200,256,512,2,224,150,42,0.1,0.526246,0.263123,0.185,float16,gpu,1,
ok,S 220000786/01__.fastpath,S 220000786#S 220000786###S#1.svs,/home/eteriny/projects/foundation_inference/outputs/uni_thyroid_patch256/S_220000786_01_8f7d3af864.npz,935,935,0,27784,256,512,2,224,151,46,0.1,0.526246,0.263123,1.006,float16,gpu,1,
ok,S 220000904/01__.fastpath,S 220000904#S 220000904###S#1.svs,/home/eteriny/projects/foundation_inference/outputs/uni_thyroid_patch256/S_220000904_01_0d3c2b048a.npz,1056,1056,0,21456,256,512,2,224,149,36,0.1,0.528338,0.264169,1.074,float16,gpu,1,
ok,S 220000914/01_1.fastpath,S 220000914#S 220000914#1##S#1.svs,/home/eteriny/projects/foundation_inference/outputs/uni_thyroid_patch256/S_220000914_01_1_7eb673ec73.npz,1159,1159,0,25520,256,512,2,224,145,44,0.1,0.528338,0.264169,1.233,float16,gpu,1,
ok,S 220000914/02_2.fastpath,S 220000914#S 220000914#2##S#2.svs,/home/eteriny/projects/foundation_inference/outputs/uni_thyroid_patch256/S_220000914_02_2_373fc1c176.npz,2802,2802,0,38308,256,512,2,224,157,61,0.1,0.528338,0.264169,2.954,float16,gpu,1,
ok,S 220001433/02_1.fastpath,S 220001433#S 220001433#1##S#2.svs,/home/eteriny/projects/foundation_inference/outputs/uni_thyroid_patch256/S_220001433_02_1_b716c72769.npz,664,664,0,25092,256,512,2,224,153,41,0.1,0.526246,0.263123,0.719,float16,gpu,1,
ok,S 220001433/03_2.fastpath,S 220001433#S 220001433#2##S#3.svs,/home/eteriny/projects/foundation_inference/outputs/uni_thyroid_patch256/S_220001433_03_2_67bfdd850a.npz,961,961,0,24928,256,512,2,224,152,41,0.1,0.526246,0.263123,1.038,float16,gpu,1,
ok,S 220001442/01__.fastpath,S 220001442#S 220001442###S#1.svs,/home/eteriny/projects/foundation_inference/outputs/uni_thyroid_patch256/S_220001442_01_07c696d6b8.npz,509,509,0,38896,256,512,2,224,143,68,0.1,0.526246,0.263123,0.599,float16,gpu,1,
ok,S 220001826/01__.fastpath,S 220001826#S 220001826###S#1.svs,/home/eteriny/projects/foundation_inference/outputs/uni_thyroid_patch256/S_220001826_01_3aa3a9642c.npz,2581,2581,0,27180,256,512,2,224,151,45,0.1,0.528338,0.264169,2.696,float16,gpu,1,
ok,S 220001948/01_1.fastpath,S 220001948#S 220001948#1##S#1.svs,/home/eteriny/projects/foundation_inference/outputs/uni_thyroid_patch256/S_220001948_01_1_8c125124ed.npz,277,277,0,15820,256,512,2,224,113,35,0.1,0.526246,0.263123,0.375,float16,gpu,1,
ok,S 220001948/02_2.fastpath,S 220001948#S 220001948#2##S#2.svs,/home/eteriny/projects/foundation_inference/outputs/uni_thyroid_patch256/S_220001948_02_2_fb05bc2ac6.npz,1186,1186,0,74124,256,512,2,224,213,87,0.1,0.526246,0.263123,1.299,float16,gpu,1,
ok,S 220001948/03_3.fastpath,S 220001948#S 220001948#3##S#3.svs,/home/eteriny/projects/foundation_inference/outputs/uni_thyroid_patch256/S_220001948_03_3_06ba5f6c09.npz,978,978,0,20828,256,512,2,224,127,41,0.1,0.526246,0.263123,1.069,float16,gpu,1,
ok,S 220002567/01__.fastpath,S 220002567#S 220002567###S#1.svs,/home/eteriny/projects/foundation_inference/outputs/uni_thyroid_patch256/S_220002567_01_064cfaf5e9.npz,2022,2022,0,24128,256,512,2,224,116,52,0.1,0.526246,0.263123,2.108,float16,gpu,1,
ok,S 220002745/01__.fastpath,S 220002745#S 220002745###S#1.svs,/home/eteriny/projects/foundation_inference/outputs/uni_thyroid_patch256/S_220002745_01_3a65bbe19c.npz,1224,1224,0,25344,256,512,2,224,144,44,0.1,0.526246,0.263123,1.262,float16,gpu,1,
ok,S 220003209/01__.fastpath,S 220003209#S 220003209###S#1.svs,/home/eteriny/projects/foundation_inference/outputs/uni_thyroid_patch256/S_220003209_01_6913c83d86.npz,1014,1014,0,21240,256,512,2,224,118,45,0.1,0.52689,0.263445,1.103,float16,gpu,1,
ok,S 220003564/01_1.fastpath,S 220003564#S 220003564#1##S#1.svs,/home/eteriny/projects/foundation_inference/outputs/uni_thyroid_patch256/S_220003564_01_1_4d7689ec4a.npz,2074,2074,0,22940,256,512,2,224,155,37,0.1,0.526246,0.263123,2.151,float16,gpu,1,
ok,S 220003564/02_2.fastpath,S 220003564#S 220003564#2##S#2.svs,/home/eteriny/projects/foundation_inference/outputs/uni_thyroid_patch256/S_220003564_02_2_e01f91fa9d.npz,557,557,0,28548,256,512,2,224,117,61,0.1,0.526246,0.263123,0.665,float16,gpu,1,
ok,S 220003850/01__.fastpath,S 220003850#S 220003850###S#1.svs,/home/eteriny/projects/foundation_inference/outputs/uni_thyroid_patch256/S_220003850_01_c122f08323.npz,4007,4007,0,34720,256,512,2,224,155,56,0.1,0.526246,0.263123,4.095,float16,gpu,1,
ok,S 220003857/01_1.fastpath,S 220003857#S 220003857#1##S#1.svs,/home/eteriny/projects/foundation_inference/outputs/uni_thyroid_patch256/S_220003857_01_1_e465377a02.npz,940,940,0,20520,256,512,2,224,114,45,0.1,0.52689,0.263445,1.023,float16,gpu,1,
ok,S 220003857/02_2.fastpath,S 220003857#S 220003857#2##S#2.svs,/home/eteriny/projects/foundation_inference/outputs/uni_thyroid_patch256/S_220003857_02_2_ace819c040.npz,1539,1539,0,25560,256,512,2,224,142,45,0.1,0.52689,0.263445,1.631,float16,gpu,1,
ok,S 220004329/01__.fastpath,S 220004329#S 220004329###S#1.svs,/home/eteriny/projects/foundation_inference/outputs/uni_thyroid_patch256/S_220004329_01_84e990a0a5.npz,711,711,0,21756,256,512,2,224,111,49,0.1,0.528338,0.264169,0.791,float16,gpu,1,
ok,S 220004472/01_1.fastpath,S 220004472#S 220004472#1##S#1.svs,/home/eteriny/projects/foundation_inference/outputs/uni_thyroid_patch256/S_220004472_01_1_f6b16c07db.npz,610,610,0,28388,256,512,2,224,151,47,0.1,0.528338,0.264169,0.660,float16,gpu,1,
ok,S 220004472/02_2.fastpath,S 220004472#S 220004472#2##S#2.svs,/home/eteriny/projects/foundation_inference/outputs/uni_thyroid_patch256/S_220004472_02_2_010969db28.npz,1473,1473,0,40068,256,512,2,224,159,63,0.1,0.528338,0.264169,1.563,float16,gpu,1,
ok,S 220004832/01__.fastpath,S 220004832#S 220004832###S#1.svs,/home/eteriny/projects/foundation_inference/outputs/uni_thyroid_patch256/S_220004832_01_9b26fb3ad0.npz,739,739,0,19536,256,512,2,224,111,44,0.1,0.528338,0.264169,0.888,float16,gpu,1,
ok,S 220004836/01__.fastpath,S 220004836#S 220004836###S#1.svs,/home/eteriny/projects/foundation_inference/outputs/uni_thyroid_patch256/S_220004836_01_25f4e34409.npz,466,466,0,19844,256,512,2,224,121,41,0.1,0.528338,0.264169,0.536,float16,gpu,1,
ok,S 220005163/01__.fastpath,S 220005163#S 220005163###S#1.svs,/home/eteriny/projects/foundation_inference/outputs/uni_thyroid_patch256/S_220005163_01_7ba7474618.npz,680,680,0,16992,256,512,2,224,118,36,0.1,0.52689,0.263445,0.762,float16,gpu,1,
ok,S 220005439/01__.fastpath,S 220005439#S 220005439###S#1.svs,/home/eteriny/projects/foundation_inference/outputs/uni_thyroid_patch256/S_220005439_01_3d99736712.npz,589,589,0,18720,256,512,2,224,120,39,0.1,0.526028,0.263014,0.650,float16,gpu,1,
ok,S 220006082/00__.fastpath,S 220006082###S#0.svs,/home/eteriny/projects/foundation_inference/outputs/uni_thyroid_patch256/S_220006082_00_9dfabc1275.npz,1755,1755,0,35960,256,512,2,224,155,58,0.1,0.526028,0.263014,1.832,float16,gpu,1,
ok,S 220006311/01__.fastpath,S 220006311#S 220006311###S#1.svs,/home/eteriny/projects/foundation_inference/outputs/uni_thyroid_patch256/S_220006311_01_323f5d67e3.npz,1171,1171,0,38544,256,512,2,224,146,66,0.1,0.526028,0.263014,1.232,float16,gpu,1,
ok,S 220006359/01_1.fastpath,S 220006359#S 220006359#1##S#1.svs,/home/eteriny/projects/foundation_inference/outputs/uni_thyroid_patch256/S_220006359_01_1_63829d4c6c.npz,982,982,0,39760,256,512,2,224,140,71,0.1,0.526028,0.263014,1.069,float16,gpu,1,
ok,S 220006359/02_2.fastpath,S 220006359#S 220006359#2##S#2.svs,/home/eteriny/projects/foundation_inference/outputs/uni_thyroid_patch256/S_220006359_02_2_0d85e656e2.npz,920,920,0,25628,256,512,2,224,149,43,0.1,0.526028,0.263014,0.993,float16,gpu,1,
ok,S 220006587/01__.fastpath,S 220006587#S 220006587###S#1.svs,/home/eteriny/projects/foundation_inference/outputs/uni_thyroid_patch256/S_220006587_01_fb31f39276.npz,2351,2351,0,22272,256,512,2,224,116,48,0.1,0.526246,0.263123,2.404,float16,gpu,1,
ok,S 220006759/01__.fastpath,S 220006759#S 220006759###S#1.svs,/home/eteriny/projects/foundation_inference/outputs/uni_thyroid_patch256/S_220006759_01_25fb2546fb.npz,1041,1041,0,33516,256,512,2,224,147,57,0.1,0.526028,0.263014,1.104,float16,gpu,1,
ok,S 220007950/01__.fastpath,S 220007950#S 220007950###S#1.svs,/home/eteriny/projects/foundation_inference/outputs/uni_thyroid_patch256/S_220007950_01_0a677b2c36.npz,1953,1953,0,22352,256,512,2,224,127,44,0.1,0.52689,0.263445,2.029,float16,gpu,1,
ok,S 220008390/01__.fastpath,S 220008390#S 220008390###S#1.svs,/home/eteriny/projects/foundation_inference/outputs/uni_thyroid_patch256/S_220008390_01_3c6b75cbe6.npz,401,401,0,18048,256,512,2,224,141,32,0.1,0.52689,0.263445,0.448,float16,gpu,1,
ok,S 220008535/01_1.fastpath,S 220008535#S 220008535#1##S#1.svs,/home/eteriny/projects/foundation_inference/outputs/uni_thyroid_patch256/S_220008535_01_1_93ccecc8d1.npz,2125,2125,0,37632,256,512,2,224,147,64,0.1,0.52689,0.263445,2.199,float16,gpu,1,
ok,S 220008535/02_2.fastpath,S 220008535#S 220008535#2##S#2.svs,/home/eteriny/projects/foundation_inference/outputs/uni_thyroid_patch256/S_220008535_02_2_4590403bb0.npz,1294,1294,0,29596,256,512,2,224,151,49,0.1,0.52689,0.263445,1.376,float16,gpu,1,
ok,S 220008616/01__.fastpath,S 220008616#S 220008616###S#1.svs,/home/eteriny/projects/foundation_inference/outputs/uni_thyroid_patch256/S_220008616_01_a6886d4d9c.npz,1233,1233,0,29768,256,512,2,224,122,61,0.1,0.528338,0.264169,1.333,float16,gpu,1,
ok,S 220008667/01__.fastpath,S 220008667#S 220008667###S#1.svs,/home/eteriny/projects/foundation_inference/outputs/uni_thyroid_patch256/S_220008667_01_1ff929693b.npz,885,885,0,27140,256,512,2,224,115,59,0.1,0.526246,0.263123,0.991,float16,gpu,1,
ok,S 220009005/01__.fastpath,S 220009005#S 220009005###S#1.svs,/home/eteriny/projects/foundation_inference/outputs/uni_thyroid_patch256/S_220009005_01_9433740598.npz,741,741,0,29792,256,512,2,224,152,49,0.1,0.52689,0.263445,0.829,float16,gpu,1,
ok,S 220009292/01__.fastpath,S 220009292#S 220009292###S#1.svs,/home/eteriny/projects/foundation_inference/outputs/uni_thyroid_patch256/S_220009292_01_a52d10d170.npz,2466,2466,0,45864,256,512,2,224,182,63,0.1,0.528338,0.264169,2.529,float16,gpu,1,
ok,S 220009884/01__.fastpath,S 220009884#S 220009884###S#1.svs,/home/eteriny/projects/foundation_inference/outputs/uni_thyroid_patch256/S_220009884_01_b7c8cb3918.npz,1414,1414,0,33536,256,512,2,224,131,64,0.1,0.526246,0.263123,1.488,float16,gpu,1,
ok,S 220009885/01__.fastpath,S 220009885#S 220009885###S#1.svs,/home/eteriny/projects/foundation_inference/outputs/uni_thyroid_patch256/S_220009885_01_5df5d91c5e.npz,1110,1110,0,17080,256,512,2,224,122,35,0.1,0.526246,0.263123,1.189,float16,gpu,1,
ok,S 220009886/01__.fastpath,S 220009886#S 220009886###S#1.svs,/home/eteriny/projects/foundation_inference/outputs/uni_thyroid_patch256/S_220009886_01_080af5fbe2.npz,1521,1521,0,25092,256,512,2,224,123,51,0.1,0.526246,0.263123,1.620,float16,gpu,1,
ok,S 220010089/01__.fastpath,S 220010089#S 220010089###S#1.svs,/home/eteriny/projects/foundation_inference/outputs/uni_thyroid_patch256/S_220010089_01_45fb7c4425.npz,785,785,0,20436,256,512,2,224,131,39,0.1,0.526246,0.263123,0.861,float16,gpu,1,
ok,S 220010691/01__.fastpath,S 220010691#S 220010691###S#1.svs,/home/eteriny/projects/foundation_inference/outputs/uni_thyroid_patch256/S_220010691_01_a910ecc6fa.npz,321,321,0,26280,256,512,2,224,146,45,0.1,0.528338,0.264169,0.383,float16,gpu,1,
ok,S 220010809/01__.fastpath,S 220010809#S 220010809###S#1.svs,/home/eteriny/projects/foundation_inference/outputs/uni_thyroid_patch256/S_220010809_01_421731c7cd.npz,1866,1866,0,20592,256,512,2,224,117,44,0.1,0.528338,0.264169,1.983,float16,gpu,1,
ok,S 220010950/01__.fastpath,S 220010950#S 220010950###S#1.svs,/home/eteriny/projects/foundation_inference/outputs/uni_thyroid_patch256/S_220010950_01_bcc9eb51dd.npz,1596,1596,0,27648,256,512,2,224,144,48,0.1,0.528338,0.264169,1.695,float16,gpu,1,
ok,S 220011340/01__.fastpath,S 220011340#S 220011340###S#1.svs,/home/eteriny/projects/foundation_inference/outputs/uni_thyroid_patch256/S_220011340_01_48a90c63d8.npz,1818,1818,0,34800,256,512,2,224,145,60,0.1,0.526246,0.263123,1.944,float16,gpu,1,
ok,S 220011363/01_1.fastpath,S 220011363#S 220011363#1##S#1.svs,/home/eteriny/projects/foundation_inference/outputs/uni_thyroid_patch256/S_220011363_01_1_9f6e99db93.npz,680,680,0,21160,256,512,2,224,115,46,0.1,0.526246,0.263123,0.757,float16,gpu,1,
ok,S 220011363/02_2.fastpath,S 220011363#S 220011363#2##S#2.svs,/home/eteriny/projects/foundation_inference/outputs/uni_thyroid_patch256/S_220011363_02_2_61cb8b39d5.npz,521,521,0,36704,256,512,2,224,148,62,0.1,0.526246,0.263123,0.652,float16,gpu,1,
ok,S 220011553/01__.fastpath,S 220011553#S 220011553###S#1.svs,/home/eteriny/projects/foundation_inference/outputs/uni_thyroid_patch256/S_220011553_01_e2c9a662f2.npz,602,602,0,18512,256,512,2,224,89,52,0.1,0.52689,0.263445,0.771,float16,gpu,1,
ok,S 220011613/01__.fastpath,S 220011613#S 220011613###S#1.svs,/home/eteriny/projects/foundation_inference/outputs/uni_thyroid_patch256/S_220011613_01_3f60e4c94c.npz,671,671,0,20572,256,512,2,224,139,37,0.1,0.528338,0.264169,0.735,float16,gpu,1,
ok,S 220011765/01__.fastpath,S 220011765#S 220011765###S#1.svs,/home/eteriny/projects/foundation_inference/outputs/uni_thyroid_patch256/S_220011765_01_106bb4e4f0.npz,1378,1378,0,44992,256,512,2,224,152,74,0.1,0.528338,0.264169,1.493,float16,gpu,1,
ok,S 220011767/01__.fastpath,S 220011767#S 220011767###S#1.svs,/home/eteriny/projects/foundation_inference/outputs/uni_thyroid_patch256/S_220011767_01_70099763d4.npz,147,147,0,14464,256,512,2,224,113,32,0.1,0.528338,0.264169,0.224,float16,gpu,1,
ok,S 220012031/01__.fastpath,S 220012031#S 220012031###S#1.svs,/home/eteriny/projects/foundation_inference/outputs/uni_thyroid_patch256/S_220012031_01_c408347883.npz,1875,1875,0,29160,256,512,2,224,162,45,0.1,0.526028,0.263014,1.966,float16,gpu,1,
ok,S 220012456/01_1.fastpath,S 220012456#S 220012456#1##S#1.svs,/home/eteriny/projects/foundation_inference/outputs/uni_thyroid_patch256/S_220012456_01_1_47a375d357.npz,372,372,0,16704,256,512,2,224,144,29,0.1,0.52689,0.263445,0.436,float16,gpu,1,
ok,S 220012456/02_2.fastpath,S 220012456#S 220012456#2##S#2.svs,/home/eteriny/projects/foundation_inference/outputs/uni_thyroid_patch256/S_220012456_02_2_4624aad4b7.npz,595,595,0,27048,256,512,2,224,138,49,0.1,0.52689,0.263445,0.664,float16,gpu,1,
ok,S 220012917/01__.fastpath,S 220012917#S 220012917###S#1.svs,/home/eteriny/projects/foundation_inference/outputs/uni_thyroid_patch256/S_220012917_01_a75631d095.npz,208,208,0,23780,256,512,2,224,145,41,0.1,0.526246,0.263123,0.278,float16,gpu,1,
ok,S 220013348/01__.fastpath,S 220013348#S 220013348###S#1.svs,/home/eteriny/projects/foundation_inference/outputs/uni_thyroid_patch256/S_220013348_01_389e6663be.npz,747,747,0,22736,256,512,2,224,116,49,0.1,0.526028,0.263014,0.847,float16,gpu,1,
ok,S 220013350/01__.fastpath,S 220013350#S 220013350###S#1.svs,/home/eteriny/projects/foundation_inference/outputs/uni_thyroid_patch256/S_220013350_01_0410b262db.npz,1073,1073,0,24544,256,512,2,224,118,52,0.1,0.526028,0.263014,1.121,float16,gpu,1,
ok,S 220013352/01__.fastpath,S 220013352#S 220013352###S#1.svs,/home/eteriny/projects/foundation_inference/outputs/uni_thyroid_patch256/S_220013352_01_f0b816f689.npz,754,754,0,21756,256,512,2,224,111,49,0.1,0.526028,0.263014,0.832,float16,gpu,1,
ok,S 220013504/01__.fastpath,S 220013504#S 220013504###S#1.svs,/home/eteriny/projects/foundation_inference/outputs/uni_thyroid_patch256/S_220013504_01_e621547a22.npz,448,448,0,24080,256,512,2,224,140,43,0.1,0.526028,0.263014,0.510,float16,gpu,1,
ok,S 220013507/01__.fastpath,S 220013507#S 220013507###S#1.svs,/home/eteriny/projects/foundation_inference/outputs/uni_thyroid_patch256/S_220013507_01_cd6077ea27.npz,1293,1293,0,42340,256,512,2,224,145,73,0.1,0.526028,0.263014,1.394,float16,gpu,1,
ok,S 220013921/01__.fastpath,S 220013921#S 220013921###S#1.svs,/home/eteriny/projects/foundation_inference/outputs/uni_thyroid_patch256/S_220013921_01_29fba57984.npz,599,599,0,33640,256,512,2,224,145,58,0.1,0.526028,0.263014,0.668,float16,gpu,1,
ok,S 220014057/01__.fastpath,S 220014057#S 220014057###S#1.svs,/home/eteriny/projects/foundation_inference/outputs/uni_thyroid_patch256/S_220014057_01_737c5c39dd.npz,1199,1199,0,26488,256,512,2,224,154,43,0.1,0.526028,0.263014,1.242,float16,gpu,1,
ok,S 220014173/01_1.fastpath,S 220014173#S 220014173#1##S#1.svs,/home/eteriny/projects/foundation_inference/outputs/uni_thyroid_patch256/S_220014173_01_1_e129439cb4.npz,260,260,0,12960,256,512,2,224,81,40,0.1,0.52689,0.263445,0.343,float16,gpu,1,
ok,S 220014173/02_2.fastpath,S 220014173#S 220014173#2##S#2.svs,/home/eteriny/projects/foundation_inference/outputs/uni_thyroid_patch256/S_220014173_02_2_64506c8b04.npz,1083,1083,0,23560,256,512,2,224,155,38,0.1,0.52689,0.263445,1.152,float16,gpu,1,
ok,S 220014418/01__.fastpath,S 220014418#S 220014418###S#1.svs,/home/eteriny/projects/foundation_inference/outputs/uni_thyroid_patch256/S_220014418_01_d9d1429a4b.npz,559,559,0,19824,256,512,2,224,118,42,0.1,0.52689,0.263445,0.639,float16,gpu,1,
ok,S 220014931/01__.fastpath,S 220014931#S 220014931###S#1.svs,/home/eteriny/projects/foundation_inference/outputs/uni_thyroid_patch256/S_220014931_01_974d2a5489.npz,1352,1352,0,19844,256,512,2,224,121,41,0.1,0.52689,0.263445,1.416,float16,gpu,1,
ok,S 220015175/01_1.fastpath,S 220015175#S 220015175#1##S#1.svs,/home/eteriny/projects/foundation_inference/outputs/uni_thyroid_patch256/S_220015175_01_1_e19511392f.npz,417,417,0,13120,256,512,2,224,80,41,0.1,0.52689,0.263445,0.533,float16,gpu,1,
ok,S 220015175/02_2.fastpath,S 220015175#S 220015175#2##S#2.svs,/home/eteriny/projects/foundation_inference/outputs/uni_thyroid_patch256/S_220015175_02_2_dd2ff26e14.npz,1170,1170,0,39128,256,512,2,224,146,67,0.1,0.52689,0.263445,1.264,float16,gpu,1,
ok,S 220015176/01__.fastpath,S 220015176#S 220015176###S#1.svs,/home/eteriny/projects/foundation_inference/outputs/uni_thyroid_patch256/S_220015176_01_4814769980.npz,927,927,0,19352,256,512,2,224,118,41,0.1,0.52689,0.263445,0.993,float16,gpu,1,
ok,S 220015177/01__.fastpath,S 220015177#S 220015177###S#1.svs,/home/eteriny/projects/foundation_inference/outputs/uni_thyroid_patch256/S_220015177_01_a154eade29.npz,2313,2313,0,39336,256,512,2,224,149,66,0.1,0.52689,0.263445,2.371,float16,gpu,1,
ok,S 220015461/01__.fastpath,S 220015461#S 220015461###S#1.svs,/home/eteriny/projects/foundation_inference/outputs/uni_thyroid_patch256/S_220015461_01_5d87b454fd.npz,685,685,0,19780,256,512,2,224,115,43,0.1,0.526028,0.263014,0.783,float16,gpu,1,
ok,S 220015697/01_1.fastpath,S 220015697#S 220015697#1##S#1.svs,/home/eteriny/projects/foundation_inference/outputs/uni_thyroid_patch256/S_220015697_01_1_f372742263.npz,1298,1298,0,38192,256,512,2,224,154,62,0.1,0.526246,0.263123,1.366,float16,gpu,1,
ok,S 220015697/02_2.fastpath,S 220015697#S 220015697#2##S#2.svs,/home/eteriny/projects/foundation_inference/outputs/uni_thyroid_patch256/S_220015697_02_2_86ac32a3ce.npz,1393,1393,0,36108,256,512,2,224,153,59,0.1,0.526246,0.263123,1.495,float16,gpu,1,
ok,S 220015705/01__.fastpath,S 220015705#S 220015705###S#1.svs,/home/eteriny/projects/foundation_inference/outputs/uni_thyroid_patch256/S_220015705_01_a65b20c02c.npz,1382,1382,0,33984,256,512,2,224,144,59,0.1,0.526246,0.263123,1.448,float16,gpu,1,
ok,S 220015850/01__.fastpath,S 220015850#S 220015850###S#1.svs,/home/eteriny/projects/foundation_inference/outputs/uni_thyroid_patch256/S_220015850_01_70cb7b0f9d.npz,1046,1046,0,62988,256,512,2,224,181,87,0.1,0.526028,0.263014,1.190,float16,gpu,1,
ok,S 220015946/01_1.fastpath,S 220015946#S 220015946#1##S#1.svs,/home/eteriny/projects/foundation_inference/outputs/uni_thyroid_patch256/S_220015946_01_1_ffcbefcc29.npz,119,119,0,25392,256,512,2,224,138,46,0.1,0.526246,0.263123,0.178,float16,gpu,1,
ok,S 220015946/02_2.fastpath,S 220015946#S 220015946#2##S#2.svs,/home/eteriny/projects/foundation_inference/outputs/uni_thyroid_patch256/S_220015946_02_2_1968e57cf9.npz,243,243,0,25392,256,512,2,224,138,46,0.1,0.526246,0.263123,0.313,float16,gpu,1,
ok,S 220016239/01__.fastpath,S 220016239#S 220016239###S#1.svs,/home/eteriny/projects/foundation_inference/outputs/uni_thyroid_patch256/S_220016239_01_9649150249.npz,881,881,0,23452,256,512,2,224,143,41,0.1,0.52689,0.263445,0.955,float16,gpu,1,
ok,S 220016381/01__.fastpath,S 220016381#S 220016381###S#1.svs,/home/eteriny/projects/foundation_inference/outputs/uni_thyroid_patch256/S_220016381_01_70df3a213a.npz,503,503,0,30600,256,512,2,224,153,50,0.1,0.52689,0.263445,0.585,float16,gpu,1,
ok,S 220016443/01__.fastpath,S 220016443#S 220016443###S#1.svs,/home/eteriny/projects/foundation_inference/outputs/uni_thyroid_patch256/S_220016443_01_3d99686851.npz,923,923,0,37584,256,512,2,224,162,58,0.1,0.526028,0.263014,1.003,float16,gpu,1,
ok,S 220016645/01__.fastpath,S 220016645#S 220016645###S#1.svs,/home/eteriny/projects/foundation_inference/outputs/uni_thyroid_patch256/S_220016645_01_f954141cf9.npz,617,617,0,23712,256,512,2,224,152,39,0.1,0.526246,0.263123,0.668,float16,gpu,1,
ok,S 220016767/01__.fastpath,S 220016767#S 220016767###S#1.svs,/home/eteriny/projects/foundation_inference/outputs/uni_thyroid_patch256/S_220016767_01_375c30c090.npz,795,795,0,37440,256,512,2,224,180,52,0.1,0.526246,0.263123,0.877,float16,gpu,1,
ok,S 220017204/01_1.fastpath,S 220017204#S 220017204#1##S#1.svs,/home/eteriny/projects/foundation_inference/outputs/uni_thyroid_patch256/S_220017204_01_1_326fcbb14d.npz,1235,1235,0,28160,256,512,2,224,128,55,0.1,0.526246,0.263123,1.321,float16,gpu,1,
ok,S 220017204/02_2.fastpath,S 220017204#S 220017204#2##S#2.svs,/home/eteriny/projects/foundation_inference/outputs/uni_thyroid_patch256/S_220017204_02_2_f52a8f07c7.npz,882,882,0,19656,256,512,2,224,117,42,0.1,0.526246,0.263123,0.961,float16,gpu,1,
ok,S 220017496/01__.fastpath,S 220017496#S 220017496###S#1.svs,/home/eteriny/projects/foundation_inference/outputs/uni_thyroid_patch256/S_220017496_01_d5bb0fe092.npz,746,746,0,27180,256,512,2,224,151,45,0.1,0.528338,0.264169,0.804,float16,gpu,1,
ok,S 220017603/01__.fastpath,S 220017603#S 220017603###S#1.svs,/home/eteriny/projects/foundation_inference/outputs/uni_thyroid_patch256/S_220017603_01_09f62ed092.npz,998,998,0,31020,256,512,2,224,141,55,0.1,0.52689,0.263445,1.076,float16,gpu,1,
ok,S 220017927/01__.fastpath,S 220017927#S 220017927###S#1.svs,/home/eteriny/projects/foundation_inference/outputs/uni_thyroid_patch256/S_220017927_01_c00318ab85.npz,2624,2624,0,26696,256,512,2,224,142,47,0.1,0.528338,0.264169,2.720,float16,gpu,1,
ok,S 220018202/01__.fastpath,S 220018202#S 220018202###S#1.svs,/home/eteriny/projects/foundation_inference/outputs/uni_thyroid_patch256/S_220018202_01_7a84b37b2c.npz,813,813,0,18096,256,512,2,224,156,29,0.1,0.52689,0.263445,0.875,float16,gpu,1,
ok,S 220018206/01__.fastpath,S 220018206#S 220018206###S#1.svs,/home/eteriny/projects/foundation_inference/outputs/uni_thyroid_patch256/S_220018206_01_dcbe1ae5d4.npz,1562,1562,0,27840,256,512,2,224,145,48,0.1,0.52689,0.263445,1.645,float16,gpu,1,
ok,S 220018209/02_2.fastpath,S 220018209#S 220018209#2##S#2.svs,/home/eteriny/projects/foundation_inference/outputs/uni_thyroid_patch256/S_220018209_02_2_ba9db7a93c.npz,94,94,0,15228,256,512,2,224,141,27,0.1,0.52689,0.263445,0.129,float16,gpu,1,
ok,S 220019040/01_1.fastpath,S 220019040#S 220019040#1##S#1.svs,/home/eteriny/projects/foundation_inference/outputs/uni_thyroid_patch256/S_220019040_01_1_ff53091a34.npz,799,799,0,19992,256,512,2,224,119,42,0.1,0.52689,0.263445,0.879,float16,gpu,1,
ok,S 220019040/02_2.fastpath,S 220019040#S 220019040#2##S#2.svs,/home/eteriny/projects/foundation_inference/outputs/uni_thyroid_patch256/S_220019040_02_2_987260590a.npz,370,370,0,24928,256,512,2,224,152,41,0.1,0.52689,0.263445,0.433,float16,gpu,1,
ok,S 220019044/00____S.fastpath,S 220019044#  #S.svs,/home/eteriny/projects/foundation_inference/outputs/uni_thyroid_patch256/S_220019044_00____S_6699ef70b3.npz,327,327,0,29760,256,512,2,224,155,48,0.1,0.526028,0.263014,0.395,float16,gpu,1,
ok,S 220019044/01__.fastpath,S 220019044#S 220019044###S#1.svs,/home/eteriny/projects/foundation_inference/outputs/uni_thyroid_patch256/S_220019044_01_810096eb68.npz,243,243,0,25696,256,512,2,224,146,44,0.1,0.52689,0.263445,0.314,float16,gpu,1,
ok,S 220019884/01__.fastpath,S 220019884#S 220019884###S#1.svs,/home/eteriny/projects/foundation_inference/outputs/uni_thyroid_patch256/S_220019884_01_7facc6591c.npz,1079,1079,0,37120,256,512,2,224,160,58,0.1,0.526246,0.263123,1.143,float16,gpu,1,
ok,S 220019901/01__.fastpath,S 220019901#S 220019901###S#1.svs,/home/eteriny/projects/foundation_inference/outputs/uni_thyroid_patch256/S_220019901_01_3d8d78cfd4.npz,1102,1102,0,26208,256,512,2,224,126,52,0.1,0.526246,0.263123,1.162,float16,gpu,1,
ok,S 220020143/01__.fastpath,S 220020143#S 220020143###S#1.svs,/home/eteriny/projects/foundation_inference/outputs/uni_thyroid_patch256/S_220020143_01_6e58930f15.npz,1284,1284,0,28704,256,512,2,224,156,46,0.1,0.52689,0.263445,1.345,float16,gpu,1,
ok,S 220020169/01__.fastpath,S 220020169#S 220020169###S#1.svs,/home/eteriny/projects/foundation_inference/outputs/uni_thyroid_patch256/S_220020169_01_08a2879074.npz,1326,1326,0,28704,256,512,2,224,156,46,0.1,0.526246,0.263123,1.388,float16,gpu,1,
ok,S 220020348/01__.fastpath,S 220020348#S 220020348###S#1.svs,/home/eteriny/projects/foundation_inference/outputs/uni_thyroid_patch256/S_220020348_01_7ebcf13950.npz,932,932,0,24992,256,512,2,224,142,44,0.1,0.526246,0.263123,0.991,float16,gpu,1,
ok,S 220020937/01__.fastpath,S 220020937#S 220020937###S#1.svs,/home/eteriny/projects/foundation_inference/outputs/uni_thyroid_patch256/S_220020937_01_c4c861f9c1.npz,686,686,0,13160,256,512,2,224,94,35,0.1,0.526246,0.263123,0.781,float16,gpu,1,
ok,S 220021056/01__.fastpath,S 220021056#S 220021056###S#1.svs,/home/eteriny/projects/foundation_inference/outputs/uni_thyroid_patch256/S_220021056_01_3ec29fa809.npz,1305,1305,0,47784,256,512,2,224,181,66,0.1,0.526246,0.263123,1.386,float16,gpu,1,
ok,S 220021355/01_1.fastpath,S 220021355#S 220021355#1##S#1.svs,/home/eteriny/projects/foundation_inference/outputs/uni_thyroid_patch256/S_220021355_01_1_98d8f227ec.npz,747,747,0,22704,256,512,2,224,129,44,0.1,0.52689,0.263445,0.812,float16,gpu,1,
ok,S 220021355/02_2.fastpath,S 220021355#S 220021355#2##S#2.svs,/home/eteriny/projects/foundation_inference/outputs/uni_thyroid_patch256/S_220021355_02_2_2d742a1783.npz,550,550,0,21120,256,512,2,224,120,44,0.1,0.52689,0.263445,0.621,float16,gpu,1,
ok,S 220021647/01__.fastpath,S 220021647#S 220021647###S#1.svs,/home/eteriny/projects/foundation_inference/outputs/uni_thyroid_patch256/S_220021647_01_b4c99a9c3d.npz,978,978,0,19200,256,512,2,224,120,40,0.1,0.526246,0.263123,1.027,float16,gpu,1,
ok,S 220021944/01__.fastpath,S 220021944###$.svs,/home/eteriny/projects/foundation_inference/outputs/uni_thyroid_patch256/S_220021944_01_a5cb7345d2.npz,1320,1320,0,34036,256,512,2,224,127,67,0.1,0.526246,0.263123,1.411,float16,gpu,1,
ok,S 220022769/01__.fastpath,S 220022769#S 220022769###S#1.svs,/home/eteriny/projects/foundation_inference/outputs/uni_thyroid_patch256/S_220022769_01_7326779280.npz,742,742,0,27824,256,512,2,224,148,47,0.1,0.528338,0.264169,0.812,float16,gpu,1,
ok,S 220024232/01__.fastpath,S 220024232#S 220024232###S#1.svs,/home/eteriny/projects/foundation_inference/outputs/uni_thyroid_patch256/S_220024232_01_1fd46acdb8.npz,548,548,0,19352,256,512,2,224,118,41,0.1,0.52689,0.263445,0.606,float16,gpu,1,
ok,S 220024234/01__.fastpath,S 220024234#S 220024234###S#1.svs,/home/eteriny/projects/foundation_inference/outputs/uni_thyroid_patch256/S_220024234_01_7a4147084a.npz,468,468,0,26544,256,512,2,224,158,42,0.1,0.52689,0.263445,0.547,float16,gpu,1,
ok,S 220024428/01_1.fastpath,S 220024428#S 220024428#1##S#1.svs,/home/eteriny/projects/foundation_inference/outputs/uni_thyroid_patch256/S_220024428_01_1_6934edec97.npz,1814,1814,0,24528,256,512,2,224,146,42,0.1,0.52689,0.263445,1.863,float16,gpu,1,
ok,S 220024428/02_2.fastpath,S 220024428#S 220024428#2##S#2.svs,/home/eteriny/projects/foundation_inference/outputs/uni_thyroid_patch256/S_220024428_02_2_60da8c2694.npz,407,407,0,24336,256,512,2,224,156,39,0.1,0.52689,0.263445,0.456,float16,gpu,1,
ok,S 220024526/01__.fastpath,S 220024526#S 220024526###S#1.svs,/home/eteriny/projects/foundation_inference/outputs/uni_thyroid_patch256/S_220024526_01_721f07a8cb.npz,1157,1157,0,28420,256,512,2,224,145,49,0.1,0.526246,0.263123,1.193,float16,gpu,1,
ok,S 220024527/01__.fastpath,S 220024527#S 220024527###S#1.svs,/home/eteriny/projects/foundation_inference/outputs/uni_thyroid_patch256/S_220024527_01_e782cc51f2.npz,1903,1903,0,22632,256,512,2,224,123,46,0.1,0.526246,0.263123,2.004,float16,gpu,1,
ok,S 220024722/01__.fastpath,S 220024722#S 220024722###S#1.svs,/home/eteriny/projects/foundation_inference/outputs/uni_thyroid_patch256/S_220024722_01_afa238de5c.npz,1292,1292,0,28704,256,512,2,224,156,46,0.1,0.526246,0.263123,1.379,float16,gpu,1,
ok,S 220024743/01__.fastpath,S 220024743#S 220024743###S#1.svs,/home/eteriny/projects/foundation_inference/outputs/uni_thyroid_patch256/S_220024743_01_c1c58479d4.npz,779,779,0,23736,256,512,2,224,138,43,0.1,0.526246,0.263123,0.836,float16,gpu,1,
ok,S 220025005/01__.fastpath,S 220025005#S 220025005###S#1.svs,/home/eteriny/projects/foundation_inference/outputs/uni_thyroid_patch256/S_220025005_01_5c74e2d827.npz,519,519,0,28080,256,512,2,224,156,45,0.1,0.526246,0.263123,0.595,float16,gpu,1,
ok,S 220025128/01_1.fastpath,S 220025128#S 220025128#1##S#1.svs,/home/eteriny/projects/foundation_inference/outputs/uni_thyroid_patch256/S_220025128_01_1_d4c2fc5e27.npz,525,525,0,13224,256,512,2,224,114,29,0.1,0.526246,0.263123,0.574,float16,gpu,1,
ok,S 220025128/02_2.fastpath,S 220025128#S 220025128#2##S#2.svs,/home/eteriny/projects/foundation_inference/outputs/uni_thyroid_patch256/S_220025128_02_2_96cdb528f0.npz,1488,1488,0,26220,256,512,2,224,115,57,0.1,0.526246,0.263123,1.547,float16,gpu,1,
ok,S 220025268/01__.fastpath,S 220025268#S 220025268###S#1.svs,/home/eteriny/projects/foundation_inference/outputs/uni_thyroid_patch256/S_220025268_01_68c7b96cb1.npz,1405,1405,0,38144,256,512,2,224,149,64,0.1,0.526246,0.263123,1.483,float16,gpu,1,
ok,S 220025572/00__.fastpath,S 220025572###S#0.svs,/home/eteriny/projects/foundation_inference/outputs/uni_thyroid_patch256/S_220025572_00_5d18361a2d.npz,596,596,0,24072,256,512,2,224,118,51,0.1,0.528338,0.264169,0.678,float16,gpu,1,
ok,S 220025574/00__.fastpath,S 220025574###S#0.svs,/home/eteriny/projects/foundation_inference/outputs/uni_thyroid_patch256/S_220025574_00_49598ed7b5.npz,747,747,0,18400,256,512,2,224,115,40,0.1,0.526246,0.263123,0.821,float16,gpu,1,
ok,S 220025689/01__.fastpath,S 220025689#S 220025689###S#1.svs,/home/eteriny/projects/foundation_inference/outputs/uni_thyroid_patch256/S_220025689_01_1b4a0a33b0.npz,0,0,0,21576,256,512,2,224,174,31,0.1,0.528338,0.264169,0.003,float16,gpu,1,
ok,S 220026470/01__.fastpath,S 220026470#S 220026470###S#1.svs,/home/eteriny/projects/foundation_inference/outputs/uni_thyroid_patch256/S_220026470_01_070ecb956e.npz,309,309,0,24360,256,512,2,224,145,42,0.1,0.528338,0.264169,0.383,float16,gpu,1,
ok,S 220026629/01__.fastpath,S 220026629#S 220026629###S#1.svs,/home/eteriny/projects/foundation_inference/outputs/uni_thyroid_patch256/S_220026629_01_4f30d6e765.npz,45,45,0,35216,256,512,2,224,142,62,0.1,0.52689,0.263445,0.122,float16,gpu,1,
ok,S 220027034/01__.fastpath,S 220027034#S 220027034###S#1.svs,/home/eteriny/projects/foundation_inference/outputs/uni_thyroid_patch256/S_220027034_01_801c9dbc83.npz,3233,3233,0,46092,256,512,2,224,167,69,0.1,0.526246,0.263123,3.360,float16,gpu,1,
ok,S 220027450/00____D1.fastpath,S 220027450##D1#S#0.svs,/home/eteriny/projects/foundation_inference/outputs/uni_thyroid_patch256/S_220027450_00____D1_6e6235647b.npz,0,0,0,74472,256,512,2,224,214,87,0.1,0.52689,0.263445,0.003,float16,gpu,1,
ok,S 220027450/00____D2.fastpath,S 220027450##D2#S#0.svs,/home/eteriny/projects/foundation_inference/outputs/uni_thyroid_patch256/S_220027450_00____D2_3e1c9f7d7f.npz,289,289,0,20880,256,512,2,224,145,36,0.1,0.52689,0.263445,0.352,float16,gpu,1,
ok,S 220027450/01__.fastpath,S 220027450#S 220027450###S#1.svs,/home/eteriny/projects/foundation_inference/outputs/uni_thyroid_patch256/S_220027450_01_677bcb21af.npz,122,122,0,19680,256,512,2,224,120,41,0.1,0.526028,0.263014,0.184,float16,gpu,1,
ok,S 220027758/01__.fastpath,S 220027758#S 220027758###S#1.svs,/home/eteriny/projects/foundation_inference/outputs/uni_thyroid_patch256/S_220027758_01_7d964be88f.npz,633,633,0,39864,256,512,2,224,151,66,0.1,0.528338,0.264169,0.709,float16,gpu,1,
ok,S 220028042/01_1.fastpath,S 220028042#S 220028042#1##S#1.svs,/home/eteriny/projects/foundation_inference/outputs/uni_thyroid_patch256/S_220028042_01_1_7dbb81fd0b.npz,384,384,0,19780,256,512,2,224,115,43,0.1,0.526028,0.263014,0.500,float16,gpu,1,
ok,S 220028042/02_2.fastpath,S 220028042#S 220028042#2##S#2.svs,/home/eteriny/projects/foundation_inference/outputs/uni_thyroid_patch256/S_220028042_02_2_cb3d14a0c6.npz,910,910,0,28200,256,512,2,224,150,47,0.1,0.526028,0.263014,0.992,float16,gpu,1,
ok,S 220028600/01__.fastpath,S 220028600#S 220028600###S#1.svs,/home/eteriny/projects/foundation_inference/outputs/uni_thyroid_patch256/S_220028600_01_a763766674.npz,724,724,0,17856,256,512,2,224,144,31,0.1,0.526246,0.263123,0.810,float16,gpu,1,
ok,S 220028895/01__.fastpath,S 220028895#S 220028895###S#1.svs,/home/eteriny/projects/foundation_inference/outputs/uni_thyroid_patch256/S_220028895_01_f662c9aeec.npz,1184,1184,0,18860,256,512,2,224,115,41,0.1,0.526246,0.263123,1.236,float16,gpu,1,
ok,S 220028920/01__.fastpath,S 220028920#S 220028920###S#1.svs,/home/eteriny/projects/foundation_inference/outputs/uni_thyroid_patch256/S_220028920_01_f79674efa9.npz,1364,1364,0,23288,256,512,2,224,142,41,0.1,0.526246,0.263123,1.418,float16,gpu,1,
ok,S 220029177/01__.fastpath,S 220029177#S 220029177###S#1.svs,/home/eteriny/projects/foundation_inference/outputs/uni_thyroid_patch256/S_220029177_01_9dd14a5870.npz,655,655,0,18400,256,512,2,224,115,40,0.1,0.528338,0.264169,0.729,float16,gpu,1,
ok,S 220029234/01_1.fastpath,S 220029234#S 220029234#1##S#1.svs,/home/eteriny/projects/foundation_inference/outputs/uni_thyroid_patch256/S_220029234_01_1_4a3b79df8a.npz,668,668,0,20064,256,512,2,224,152,33,0.1,0.52689,0.263445,0.753,float16,gpu,1,
ok,S 220029234/02_2.fastpath,S 220029234#S 220029234#2##S#2.svs,/home/eteriny/projects/foundation_inference/outputs/uni_thyroid_patch256/S_220029234_02_2_ffe8b0100c.npz,391,391,0,14800,256,512,2,224,148,25,0.1,0.52689,0.263445,0.440,float16,gpu,1,
ok,S 220029404/01__.fastpath,S 220029404#S 220029404###S#1.svs,/home/eteriny/projects/foundation_inference/outputs/uni_thyroid_patch256/S_220029404_01_2a618d22e6.npz,1446,1446,0,23556,256,512,2,224,151,39,0.1,0.52689,0.263445,1.505,float16,gpu,1,
ok,S 220029678/01__.fastpath,S 220029678#S 220029678###S#1.svs,/home/eteriny/projects/foundation_inference/outputs/uni_thyroid_patch256/S_220029678_01_7ea2a3dafc.npz,1248,1248,0,25696,256,512,2,224,146,44,0.1,0.52689,0.263445,1.281,float16,gpu,1,
ok,S 220030370/01__.fastpath,S 220030370#S 220030370###S#1.svs,/home/eteriny/projects/foundation_inference/outputs/uni_thyroid_patch256/S_220030370_01_7695d448c3.npz,2555,2555,0,30400,256,512,2,224,152,50,0.1,0.52689,0.263445,2.682,float16,gpu,1,
ok,S 220030412/01__.fastpath,S 220030412#S 220030412###S#1.svs,/home/eteriny/projects/foundation_inference/outputs/uni_thyroid_patch256/S_220030412_01_2c027c983a.npz,1906,1906,0,29792,256,512,2,224,152,49,0.1,0.52689,0.263445,1.980,float16,gpu,1,
ok,S 220030737/01__.fastpath,S 220030737#S 220030737###S#1.svs,/home/eteriny/projects/foundation_inference/outputs/uni_thyroid_patch256/S_220030737_01_d0b73ac447.npz,453,453,0,34980,256,512,2,224,159,55,0.1,0.526246,0.263123,0.525,float16,gpu,1,
ok,S 220030747/01__.fastpath,S 220030747#S 220030747###S#1.svs,/home/eteriny/projects/foundation_inference/outputs/uni_thyroid_patch256/S_220030747_01_8426151df1.npz,1026,1026,0,38440,256,512,2,224,155,62,0.1,0.526246,0.263123,1.162,float16,gpu,1,
ok,S 220030750/01__.fastpath,S 220030750#S 220030750###S#1.svs,/home/eteriny/projects/foundation_inference/outputs/uni_thyroid_patch256/S_220030750_01_75bf90020f.npz,324,324,0,14400,256,512,2,224,120,30,0.1,0.526246,0.263123,0.373,float16,gpu,1,
ok,S 220030752/01__.fastpath,S 220030752#S 220030752###S#1.svs,/home/eteriny/projects/foundation_inference/outputs/uni_thyroid_patch256/S_220030752_01_3b658afab0.npz,426,426,0,23712,256,512,2,224,152,39,0.1,0.526246,0.263123,0.503,float16,gpu,1,
ok,S 220030907/01__.fastpath,S 220030907#S 220030907###S#1.svs,/home/eteriny/projects/foundation_inference/outputs/uni_thyroid_patch256/S_220030907_01_b3ad9fd786.npz,1022,1022,0,22648,256,512,2,224,149,38,0.1,0.526246,0.263123,1.103,float16,gpu,1,
ok,S 220030911/01_1.fastpath,S 220030911#S 220030911#1##S#1.svs,/home/eteriny/projects/foundation_inference/outputs/uni_thyroid_patch256/S_220030911_01_1_07fb8657dc.npz,1596,1596,0,27636,256,512,2,224,147,47,0.1,0.526246,0.263123,1.670,float16,gpu,1,
ok,S 220030911/02_2.fastpath,S 220030911#S 220030911#2##S#2.svs,/home/eteriny/projects/foundation_inference/outputs/uni_thyroid_patch256/S_220030911_02_2_0a0f100aea.npz,2292,2292,0,28520,256,512,2,224,155,46,0.1,0.526246,0.263123,2.368,float16,gpu,1,
ok,S 220031024/01__.fastpath,S 220031024#S 220031024###S#1.svs,/home/eteriny/projects/foundation_inference/outputs/uni_thyroid_patch256/S_220031024_01_8de62cde3a.npz,1369,1369,0,34800,256,512,2,224,145,60,0.1,0.52689,0.263445,1.440,float16,gpu,1,
ok,S 220031029/01__.fastpath,S 220031029#S 220031029###S#1.svs,/home/eteriny/projects/foundation_inference/outputs/uni_thyroid_patch256/S_220031029_01_fa106dfd60.npz,2730,2730,0,32736,256,512,2,224,124,66,0.1,0.52689,0.263445,2.860,float16,gpu,1,
ok,S 220031293/01__.fastpath,S 220031293#S 220031293###S#1.svs,/home/eteriny/projects/foundation_inference/outputs/uni_thyroid_patch256/S_220031293_01_62f62d992d.npz,1043,1043,0,27260,256,512,2,224,145,47,0.1,0.526028,0.263014,1.150,float16,gpu,1,
ok,S 220031308/01__.fastpath,S 220031308#S 220031308###S#1.svs,/home/eteriny/projects/foundation_inference/outputs/uni_thyroid_patch256/S_220031308_01_bac85342d0.npz,1054,1054,0,23360,256,512,2,224,146,40,0.1,0.526028,0.263014,1.113,float16,gpu,1,
ok,S 220032250/01_1.fastpath,S 220032250#S 220032250#1##S#1.svs,/home/eteriny/projects/foundation_inference/outputs/uni_thyroid_patch256/S_220032250_01_1_4c16c7b52d.npz,409,409,0,23856,256,512,2,224,142,42,0.1,0.526028,0.263014,0.472,float16,gpu,1,
ok,S 220032250/02_2.fastpath,S 220032250#S 220032250#2##S#2.svs,/home/eteriny/projects/foundation_inference/outputs/uni_thyroid_patch256/S_220032250_02_2_771f6ba62a.npz,1263,1263,0,24108,256,512,2,224,147,41,0.1,0.526028,0.263014,1.332,float16,gpu,1,
ok,S 220032250/03_3.fastpath,S 220032250#S 220032250#3##S#3.svs,/home/eteriny/projects/foundation_inference/outputs/uni_thyroid_patch256/S_220032250_03_3_003611498d.npz,714,714,0,23760,256,512,2,224,135,44,0.1,0.526028,0.263014,0.771,float16,gpu,1,
ok,S 220032545/01__.fastpath,S 220032545#S 220032545###S#1.svs,/home/eteriny/projects/foundation_inference/outputs/uni_thyroid_patch256/S_220032545_01_1e01224e02.npz,970,970,0,18240,256,512,2,224,114,40,0.1,0.52689,0.263445,1.103,float16,gpu,1,
ok,S 220032729/01_1.fastpath,S 220032729#S 220032729#1##S#1.svs,/home/eteriny/projects/foundation_inference/outputs/uni_thyroid_patch256/S_220032729_01_1_04467a7177.npz,472,472,0,22800,256,512,2,224,150,38,0.1,0.52689,0.263445,0.521,float16,gpu,1,
ok,S 220032729/02_2.fastpath,S 220032729#S 220032729#2##S#2.svs,/home/eteriny/projects/foundation_inference/outputs/uni_thyroid_patch256/S_220032729_02_2_e91379bf42.npz,689,689,0,26928,256,512,2,224,153,44,0.1,0.52689,0.263445,0.779,float16,gpu,1,
ok,S 220033124/01__.fastpath,S 220033124#S 220033124###S#1.svs,/home/eteriny/projects/foundation_inference/outputs/uni_thyroid_patch256/S_220033124_01_723f453677.npz,961,961,0,25740,256,512,2,224,117,55,0.1,0.526246,0.263123,1.068,float16,gpu,1,
ok,S 220033279/01__.fastpath,S 220033279#S 220033279###S#1.svs,/home/eteriny/projects/foundation_inference/outputs/uni_thyroid_patch256/S_220033279_01_e4e0db7e45.npz,719,719,0,15708,256,512,2,224,119,33,0.1,0.526246,0.263123,0.782,float16,gpu,1,
ok,S 220033982/01__.fastpath,S 220033982#S 220033982###S#1.svs,/home/eteriny/projects/foundation_inference/outputs/uni_thyroid_patch256/S_220033982_01_5bc4eeb247.npz,2133,2133,0,25600,256,512,2,224,160,40,0.1,0.528338,0.264169,2.220,float16,gpu,1,
ok,S 220034869/01_1.fastpath,S 220034869#S 220034869#1##S#1.svs,/home/eteriny/projects/foundation_inference/outputs/uni_thyroid_patch256/S_220034869_01_1_ceaf71079d.npz,1216,1216,0,29040,256,512,2,224,165,44,0.1,0.526028,0.263014,1.274,float16,gpu,1,
ok,S 220034869/02_2.fastpath,S 220034869#S 220034869#2##S#2.svs,/home/eteriny/projects/foundation_inference/outputs/uni_thyroid_patch256/S_220034869_02_2_30350cef1b.npz,806,806,0,26144,256,512,2,224,152,43,0.1,0.526028,0.263014,0.871,float16,gpu,1,
ok,S 220035283/01_1.fastpath,S 220035283#S 220035283#1##S#1.svs,/home/eteriny/projects/foundation_inference/outputs/uni_thyroid_patch256/S_220035283_01_1_50a237fbe5.npz,817,817,0,24472,256,512,2,224,161,38,0.1,0.52689,0.263445,0.866,float16,gpu,1,
ok,S 220035283/02_2.fastpath,S 220035283#S 220035283#2##S#2.svs,/home/eteriny/projects/foundation_inference/outputs/uni_thyroid_patch256/S_220035283_02_2_08a3c6dcf3.npz,1025,1025,0,27448,256,512,2,224,146,47,0.1,0.52689,0.263445,1.085,float16,gpu,1,
ok,S 220035395/01__.fastpath,S 220035395#S 220035395###S#1.svs,/home/eteriny/projects/foundation_inference/outputs/uni_thyroid_patch256/S_220035395_01_8d482f6c4e.npz,2847,2847,0,31616,256,512,2,224,152,52,0.1,0.528338,0.264169,2.944,float16,gpu,1,
ok,S 220035706/01_1.fastpath,S 220035706#S 220035706#1##S#1.svs,/home/eteriny/projects/foundation_inference/outputs/uni_thyroid_patch256/S_220035706_01_1_22d6f39c78.npz,767,767,0,23460,256,512,2,224,115,51,0.1,0.526246,0.263123,0.855,float16,gpu,1,
ok,S 220035706/02_2.fastpath,S 220035706#S 220035706#2##S#2.svs,/home/eteriny/projects/foundation_inference/outputs/uni_thyroid_patch256/S_220035706_02_2_f8f6d58a44.npz,839,839,0,17920,256,512,2,224,112,40,0.1,0.526246,0.263123,0.912,float16,gpu,1,
ok,S 220035978/01__.fastpath,S 220035978#S 220035978###S#1.svs,/home/eteriny/projects/foundation_inference/outputs/uni_thyroid_patch256/S_220035978_01_286367e224.npz,593,593,0,22344,256,512,2,224,147,38,0.1,0.52689,0.263445,0.655,float16,gpu,1,
ok,S 220036111/01__.fastpath,S 220036111#S 220036111###S#1.svs,/home/eteriny/projects/foundation_inference/outputs/uni_thyroid_patch256/S_220036111_01_f135c8cdae.npz,562,562,0,20860,256,512,2,224,149,35,0.1,0.52689,0.263445,0.607,float16,gpu,1,
ok,S 220036217/01__.fastpath,S 220036217#S 220036217###S#1.svs,/home/eteriny/projects/foundation_inference/outputs/uni_thyroid_patch256/S_220036217_01_ca11767dec.npz,2055,2055,0,29808,256,512,2,224,162,46,0.1,0.526246,0.263123,2.103,float16,gpu,1,
ok,S 220036229/01__.fastpath,S 220036229#S 220036229###S#1.svs,/home/eteriny/projects/foundation_inference/outputs/uni_thyroid_patch256/S_220036229_01_f361781b7d.npz,1048,1048,0,22748,256,512,2,224,121,47,0.1,0.528338,0.264169,1.122,float16,gpu,1,
ok,S 220036548/01__.fastpath,S 220036548#S 220036548###S#1.svs,/home/eteriny/projects/foundation_inference/outputs/uni_thyroid_patch256/S_220036548_01_b0734a80c9.npz,769,769,0,23780,256,512,2,224,145,41,0.1,0.526028,0.263014,0.834,float16,gpu,1,
ok,S 220036843/01__.fastpath,S 220036843#S 220036843###S#1.svs,/home/eteriny/projects/foundation_inference/outputs/uni_thyroid_patch256/S_220036843_01_b50463d4c5.npz,1407,1407,0,24000,256,512,2,224,120,50,0.1,0.52689,0.263445,1.506,float16,gpu,1,
ok,S 220036849/01__.fastpath,S 220036849#S 220036849###S#1.svs,/home/eteriny/projects/foundation_inference/outputs/uni_thyroid_patch256/S_220036849_01_7a466eea29.npz,1802,1802,0,44936,256,512,2,224,137,82,0.1,0.52689,0.263445,1.940,float16,gpu,1,
ok,S 220036851/01__.fastpath,S 220036851#S 220036851###S#1.svs,/home/eteriny/projects/foundation_inference/outputs/uni_thyroid_patch256/S_220036851_01_dbe8cb144b.npz,996,996,0,51976,256,512,2,224,178,73,0.1,0.52689,0.263445,1.085,float16,gpu,1,
ok,S 220037046/01__.fastpath,S 220037046#S 220037046###S#1.svs,/home/eteriny/projects/foundation_inference/outputs/uni_thyroid_patch256/S_220037046_01_eff683b4e0.npz,1541,1541,0,26752,256,512,2,224,152,44,0.1,0.52689,0.263445,1.583,float16,gpu,1,
ok,S 220037200/01__.fastpath,S 220037200#S 220037200###S#1.svs,/home/eteriny/projects/foundation_inference/outputs/uni_thyroid_patch256/S_220037200_01_182ab181e9.npz,525,525,0,19952,256,512,2,224,116,43,0.1,0.526246,0.263123,0.600,float16,gpu,1,
ok,S 220037346/01_1.fastpath,S 220037346#S 220037346#1##S#1.svs,/home/eteriny/projects/foundation_inference/outputs/uni_thyroid_patch256/S_220037346_01_1_4d67bc8cbb.npz,1280,1280,0,31376,256,512,2,224,148,53,0.1,0.526246,0.263123,1.322,float16,gpu,1,
ok,S 220037346/02_2.fastpath,S 220037346#S 220037346#2##S#2.svs,/home/eteriny/projects/foundation_inference/outputs/uni_thyroid_patch256/S_220037346_02_2_129f06639f.npz,1607,1607,0,33408,256,512,2,224,144,58,0.1,0.526246,0.263123,1.672,float16,gpu,1,
ok,S 220037348/01__.fastpath,S 220037348#S 220037348###S#1.svs,/home/eteriny/projects/foundation_inference/outputs/uni_thyroid_patch256/S_220037348_01_863077dfc6.npz,3530,3530,0,35040,256,512,2,224,120,73,0.1,0.526246,0.263123,3.705,float16,gpu,1,
ok,S 220037448/01__.fastpath,S 220037448#S 220037448###S#1.svs,/home/eteriny/projects/foundation_inference/outputs/uni_thyroid_patch256/S_220037448_01_3fdd577414.npz,767,767,0,23328,256,512,2,224,108,54,0.1,0.528338,0.264169,0.887,float16,gpu,1,
ok,S 220037449/01__.fastpath,S 220037449#S 220037449###S#1.svs,/home/eteriny/projects/foundation_inference/outputs/uni_thyroid_patch256/S_220037449_01_06f89f6d84.npz,1510,1510,0,32568,256,512,2,224,118,69,0.1,0.528338,0.264169,1.663,float16,gpu,1,
ok,S 220038283/01__.fastpath,S 220038283#S 220038283###S#1.svs,/home/eteriny/projects/foundation_inference/outputs/uni_thyroid_patch256/S_220038283_01_1902812454.npz,1563,1563,0,21240,256,512,2,224,118,45,0.1,0.526246,0.263123,1.644,float16,gpu,1,
ok,S 220038395/01__.fastpath,S 220038395#S 220038395###S#1.svs,/home/eteriny/projects/foundation_inference/outputs/uni_thyroid_patch256/S_220038395_01_86d578eac7.npz,1822,1822,0,27600,256,512,2,224,150,46,0.1,0.52689,0.263445,1.884,float16,gpu,1,
ok,S 220038411/01__.fastpath,S 220038411#S 220038411###S#1.svs,/home/eteriny/projects/foundation_inference/outputs/uni_thyroid_patch256/S_220038411_01_79a35739c2.npz,3056,3056,0,40880,256,512,2,224,140,73,0.1,0.526028,0.263014,3.192,float16,gpu,1,
ok,S 220038717/01__.fastpath,S 220038717#S 220038717###S#1.svs,/home/eteriny/projects/foundation_inference/outputs/uni_thyroid_patch256/S_220038717_01_6ee510ddfc.npz,2733,2733,0,29580,256,512,2,224,145,51,0.1,0.526246,0.263123,2.895,float16,gpu,1,
ok,S 220038870/01_1.fastpath,S 220038870#S 220038870#1##S#1.svs,/home/eteriny/projects/foundation_inference/outputs/uni_thyroid_patch256/S_220038870_01_1_e1677f5e5e.npz,1711,1711,0,32200,256,512,2,224,175,46,0.1,0.526246,0.263123,1.739,float16,gpu,1,
ok,S 220038870/02_2.fastpath,S 220038870#S 220038870#2##S#2.svs,/home/eteriny/projects/foundation_inference/outputs/uni_thyroid_patch256/S_220038870_02_2_11acabbb54.npz,849,849,0,22512,256,512,2,224,134,42,0.1,0.526246,0.263123,0.928,float16,gpu,1,
ok,S 220039561/01_1.fastpath,S 220039561#S 220039561#1##S#1.svs,/home/eteriny/projects/foundation_inference/outputs/uni_thyroid_patch256/S_220039561_01_1_83fd4dcfd2.npz,2303,2303,0,22140,256,512,2,224,123,45,0.1,0.52689,0.263445,2.343,float16,gpu,1,
ok,S 220039561/02_2.fastpath,S 220039561#S 220039561#2##S#2.svs,/home/eteriny/projects/foundation_inference/outputs/uni_thyroid_patch256/S_220039561_02_2_9827c219e8.npz,0,0,0,74472,256,512,2,224,214,87,0.1,0.52689,0.263445,0.003,float16,gpu,1,
ok,S 220039827/01__.fastpath,S 220039827#S 220039827###S#1.svs,/home/eteriny/projects/foundation_inference/outputs/uni_thyroid_patch256/S_220039827_01_43d908b547.npz,951,951,0,28260,256,512,2,224,157,45,0.1,0.526028,0.263014,1.014,float16,gpu,1,
ok,S 220039933/01_1.fastpath,S 220039933#S 220039933#1##S#1.svs,/home/eteriny/projects/foundation_inference/outputs/uni_thyroid_patch256/S_220039933_01_1_41174bf549.npz,619,619,0,18080,256,512,2,224,113,40,0.1,0.526028,0.263014,0.677,float16,gpu,1,
ok,S 220039933/02_2.fastpath,S 220039933#S 220039933#2##S#2.svs,/home/eteriny/projects/foundation_inference/outputs/uni_thyroid_patch256/S_220039933_02_2_c397f8c7a9.npz,531,531,0,18696,256,512,2,224,114,41,0.1,0.526028,0.263014,0.599,float16,gpu,1,
ok,S 220040463/01__.fastpath,S 220040463#S 220040463###S#1.svs,/home/eteriny/projects/foundation_inference/outputs/uni_thyroid_patch256/S_220040463_01_fb886e9aaa.npz,1053,1053,0,19264,256,512,2,224,112,43,0.1,0.526246,0.263123,1.135,float16,gpu,1,
ok,S 220040465/01__.fastpath,S 220040465#S 220040465###S#1.svs,/home/eteriny/projects/foundation_inference/outputs/uni_thyroid_patch256/S_220040465_01_0fcc0739d1.npz,525,525,0,15640,256,512,2,224,115,34,0.1,0.526246,0.263123,0.603,float16,gpu,1,
ok,S 220041172/01_1.fastpath,S 220041172#S 220041172#1##S#1.svs,/home/eteriny/projects/foundation_inference/outputs/uni_thyroid_patch256/S_220041172_01_1_36ac26223d.npz,1702,1702,0,32760,256,512,2,224,117,70,0.1,0.526028,0.263014,1.792,float16,gpu,1,
ok,S 220041172/02_2.fastpath,S 220041172#S 220041172#2##S#2.svs,/home/eteriny/projects/foundation_inference/outputs/uni_thyroid_patch256/S_220041172_02_2_4728a49a7b.npz,1575,1575,0,55440,256,512,2,224,180,77,0.1,0.526028,0.263014,1.662,float16,gpu,1,
ok,S 220041455/01__.fastpath,S 220041455#S 220041455###S#1.svs,/home/eteriny/projects/foundation_inference/outputs/uni_thyroid_patch256/S_220041455_01_41b7aad635.npz,748,748,0,51944,256,512,2,224,151,86,0.1,0.528338,0.264169,0.861,float16,gpu,1,
ok,S 220042044/01__.fastpath,S 220042044#S 220042044###S#1.svs,/home/eteriny/projects/foundation_inference/outputs/uni_thyroid_patch256/S_220042044_01_7b829e132b.npz,1456,1456,0,27968,256,512,2,224,152,46,0.1,0.526246,0.263123,1.520,float16,gpu,1,
ok,S 220043268/01_1.fastpath,S 220043268#S 220043268#1##S#1.svs,/home/eteriny/projects/foundation_inference/outputs/uni_thyroid_patch256/S_220043268_01_1_9ea624dbc7.npz,546,546,0,21440,256,512,2,224,134,40,0.1,0.528338,0.264169,0.605,float16,gpu,1,
ok,S 220043268/02_2.fastpath,S 220043268#S 220043268#2##S#2.svs,/home/eteriny/projects/foundation_inference/outputs/uni_thyroid_patch256/S_220043268_02_2_b8978495fa.npz,462,462,0,24768,256,512,2,224,144,43,0.1,0.528338,0.264169,0.517,float16,gpu,1,
ok,S 220043635/01__.fastpath,S 220043635#S 220043635###S#1.svs,/home/eteriny/projects/foundation_inference/outputs/uni_thyroid_patch256/S_220043635_01_d9600fa9e1.npz,1883,1883,0,23556,256,512,2,224,151,39,0.1,0.526246,0.263123,2.042,float16,gpu,1,
ok,S 220043760/01_1.fastpath,S 220043760#S 220043760#1##S#1.svs,/home/eteriny/projects/foundation_inference/outputs/uni_thyroid_patch256/S_220043760_01_1_9897dffc48.npz,1063,1063,0,24436,256,512,2,224,149,41,0.1,0.526246,0.263123,1.121,float16,gpu,1,
ok,S 220043760/02_2.fastpath,S 220043760#S 220043760#2##S#2.svs,/home/eteriny/projects/foundation_inference/outputs/uni_thyroid_patch256/S_220043760_02_2_88474e7222.npz,1851,1851,0,28200,256,512,2,224,150,47,0.1,0.526246,0.263123,1.942,float16,gpu,1,
ok,S 220044323/01__.fastpath,S 220044323#S 220044323###S#1.svs,/home/eteriny/projects/foundation_inference/outputs/uni_thyroid_patch256/S_220044323_01_86443ccd4f.npz,775,775,0,23296,256,512,2,224,91,64,0.1,0.526028,0.263014,0.901,float16,gpu,1,
ok,S 220044326/01__.fastpath,S 220044326#S 220044326###S#1.svs,/home/eteriny/projects/foundation_inference/outputs/uni_thyroid_patch256/S_220044326_01_3c44c9a8a5.npz,1113,1113,0,19844,256,512,2,224,121,41,0.1,0.526028,0.263014,1.199,float16,gpu,1,
ok,S 220044660/01__.fastpath,S 220044660#S 220044660###S#1.svs,/home/eteriny/projects/foundation_inference/outputs/uni_thyroid_patch256/S_220044660_01_a0c0e6be6e.npz,3520,3520,0,35280,256,512,2,224,147,60,0.1,0.526246,0.263123,3.563,float16,gpu,1,
ok,S 220044889/01__.fastpath,S 220044889#S 220044889###S#1.svs,/home/eteriny/projects/foundation_inference/outputs/uni_thyroid_patch256/S_220044889_01_827cd83c2d.npz,708,708,0,74472,256,512,2,224,214,87,0.1,0.52689,0.263445,0.808,float16,gpu,1,
ok,S 220045393/01__.fastpath,S 220045393#S 220045393###S#1.svs,/home/eteriny/projects/foundation_inference/outputs/uni_thyroid_patch256/S_220045393_01_52bdc66ee7.npz,2276,2276,0,31008,256,512,2,224,152,51,0.1,0.528338,0.264169,2.370,float16,gpu,1,
ok,S 220045715/01__.fastpath,S 220045715#S 220045715###S#1.svs,/home/eteriny/projects/foundation_inference/outputs/uni_thyroid_patch256/S_220045715_01_93598ee84c.npz,380,380,0,23040,256,512,2,224,120,48,0.1,0.526246,0.263123,0.477,float16,gpu,1,
ok,S 220045806/01_1.fastpath,S 220045806#S 220045806#1##S#1.svs,/home/eteriny/projects/foundation_inference/outputs/uni_thyroid_patch256/S_220045806_01_1_e83e138cfd.npz,1307,1307,0,28416,256,512,2,224,148,48,0.1,0.528338,0.264169,1.425,float16,gpu,1,
ok,S 220045806/02_2.fastpath,S 220045806#S 220045806#2##S#2.svs,/home/eteriny/projects/foundation_inference/outputs/uni_thyroid_patch256/S_220045806_02_2_d95879ca0b.npz,800,800,0,21372,256,512,2,224,137,39,0.1,0.528338,0.264169,0.863,float16,gpu,1,
ok,S 220045806/03_3.fastpath,S 220045806#S 220045806#3##S#3.svs,/home/eteriny/projects/foundation_inference/outputs/uni_thyroid_patch256/S_220045806_03_3_2fd51c74bc.npz,1075,1075,0,25584,256,512,2,224,164,39,0.1,0.528338,0.264169,1.139,float16,gpu,1,
ok,S 220046857/01__.fastpath,S 220046857#S 220046857###S#1.svs,/home/eteriny/projects/foundation_inference/outputs/uni_thyroid_patch256/S_220046857_01_db494bdda5.npz,2226,2226,0,27984,256,512,2,224,159,44,0.1,0.528338,0.264169,2.385,float16,gpu,1,
ok,S 220046862/01__.fastpath,S 220046862#S 220046862###S#1.svs,/home/eteriny/projects/foundation_inference/outputs/uni_thyroid_patch256/S_220046862_01_3d66315bc2.npz,1629,1629,0,27784,256,512,2,224,151,46,0.1,0.528338,0.264169,1.710,float16,gpu,1,
ok,S 220047051/01__.fastpath,S 220047051#S 220047051###S#1.svs,/home/eteriny/projects/foundation_inference/outputs/uni_thyroid_patch256/S_220047051_01_218bbdce2f.npz,987,987,0,20700,256,512,2,224,115,45,0.1,0.526028,0.263014,1.052,float16,gpu,1,
ok,S 220047236/01__.fastpath,S 220047236#S 220047236###S#1.svs,/home/eteriny/projects/foundation_inference/outputs/uni_thyroid_patch256/S_220047236_01_4209ed1cdb.npz,3013,3013,0,48840,256,512,2,224,185,66,0.1,0.528338,0.264169,3.165,float16,gpu,1,
ok,S 220047239/01__.fastpath,S 220047239#S 220047239###S#1.svs,/home/eteriny/projects/foundation_inference/outputs/uni_thyroid_patch256/S_220047239_01_2a26937410.npz,1206,1206,0,26864,256,512,2,224,146,46,0.1,0.528338,0.264169,1.263,float16,gpu,1,
ok,S 220047352/00_1.fastpath,S 220047352#1##S#0.svs,/home/eteriny/projects/foundation_inference/outputs/uni_thyroid_patch256/S_220047352_00_1_d0e5ef2c45.npz,1198,1198,0,32480,256,512,2,224,145,56,0.1,0.528338,0.264169,1.314,float16,gpu,1,
ok,S 220047352/00_2.fastpath,S 220047352#2##S#0.svs,/home/eteriny/projects/foundation_inference/outputs/uni_thyroid_patch256/S_220047352_00_2_9da4bc31ab.npz,1476,1476,0,29172,256,512,2,224,143,51,0.1,0.528338,0.264169,1.557,float16,gpu,1,
ok,S 220047816/01__.fastpath,S 220047816#S 220047816###S#1.svs,/home/eteriny/projects/foundation_inference/outputs/uni_thyroid_patch256/S_220047816_01_cbe1f7d76a.npz,2038,2038,0,27636,256,512,2,224,147,47,0.1,0.526028,0.263014,2.079,float16,gpu,1,
ok,S 220047817/01__.fastpath,S 220047817#S 220047817###S#1.svs,/home/eteriny/projects/foundation_inference/outputs/uni_thyroid_patch256/S_220047817_01_9fe111352e.npz,1191,1191,0,19680,256,512,2,224,123,40,0.1,0.526028,0.263014,1.280,float16,gpu,1,
ok,S 220047966/01__.fastpath,S 220047966#S 220047966###S#1.svs,/home/eteriny/projects/foundation_inference/outputs/uni_thyroid_patch256/S_220047966_01_4d93a6a59f.npz,2741,2741,0,26660,256,512,2,224,155,43,0.1,0.528338,0.264169,2.843,float16,gpu,1,
ok,S 220047967/01__.fastpath,S 220047967#S 220047967###S#1.svs,/home/eteriny/projects/foundation_inference/outputs/uni_thyroid_patch256/S_220047967_01_6532cac47d.npz,1109,1109,0,20440,256,512,2,224,146,35,0.1,0.528338,0.264169,1.171,float16,gpu,1,
ok,S 220049417/00_1.fastpath,S 220049417#1##S#0.svs,/home/eteriny/projects/foundation_inference/outputs/uni_thyroid_patch256/S_220049417_00_1_03a3674433.npz,279,279,0,24336,256,512,2,224,156,39,0.1,0.52689,0.263445,0.342,float16,gpu,1,
ok,S 220049417/02_2.fastpath,S 220049417#S 220049417#2##S#2.svs,/home/eteriny/projects/foundation_inference/outputs/uni_thyroid_patch256/S_220049417_02_2_d591332242.npz,184,184,0,17608,256,512,2,224,142,31,0.1,0.52689,0.263445,0.232,float16,gpu,1,
ok,S 220049704/01__.fastpath,S 220049704#S 220049704###S#1.svs,/home/eteriny/projects/foundation_inference/outputs/uni_thyroid_patch256/S_220049704_01_abc7546725.npz,697,697,0,19872,256,512,2,224,138,36,0.1,0.52689,0.263445,0.760,float16,gpu,1,
ok,S 220049995/01__.fastpath,S 220049995#S 220049995###S#1.svs,/home/eteriny/projects/foundation_inference/outputs/uni_thyroid_patch256/S_220049995_01_3de695a28c.npz,991,991,0,31824,256,512,2,224,117,68,0.1,0.526028,0.263014,1.146,float16,gpu,1,
ok,S 220050165/01__.fastpath,S 220050165#S 220050165###S#1.svs,/home/eteriny/projects/foundation_inference/outputs/uni_thyroid_patch256/S_220050165_01_cd0c9e00ca.npz,1619,1619,0,44676,256,512,2,224,153,73,0.1,0.526028,0.263014,1.709,float16,gpu,1,
ok,S 220050241/00____D.fastpath,S 220050241# # D.svs,/home/eteriny/projects/foundation_inference/outputs/uni_thyroid_patch256/S_220050241_00____D_3cd86a3e25.npz,950,950,0,32860,256,512,2,224,155,53,0.1,0.526028,0.263014,1.025,float16,gpu,1,
ok,S 220050241/01__.fastpath,S 220050241#S 220050241###S#1.svs,/home/eteriny/projects/foundation_inference/outputs/uni_thyroid_patch256/S_220050241_01_444c4995f9.npz,488,488,0,27000,256,512,2,224,150,45,0.1,0.526246,0.263123,0.572,float16,gpu,1,
ok,S 220050249/01_1.fastpath,S 220050249#S 220050249#1##S#1.svs,/home/eteriny/projects/foundation_inference/outputs/uni_thyroid_patch256/S_220050249_01_1_e0e38ff88b.npz,1100,1100,0,25740,256,512,2,224,117,55,0.1,0.528338,0.264169,1.232,float16,gpu,1,
ok,S 220050249/02_2.fastpath,S 220050249#S 220050249#2##S#2.svs,/home/eteriny/projects/foundation_inference/outputs/uni_thyroid_patch256/S_220050249_02_2_d87445b70e.npz,754,754,0,22464,256,512,2,224,117,48,0.1,0.528338,0.264169,0.840,float16,gpu,1,
ok,S 220050574/01__.fastpath,S 220050574#S 220050574###S#1.svs,/home/eteriny/projects/foundation_inference/outputs/uni_thyroid_patch256/S_220050574_01_3c4ad31c44.npz,153,153,0,17680,256,512,2,224,130,34,0.1,0.526246,0.263123,0.208,float16,gpu,1,
ok,S 220050874/01__.fastpath,S 220050874#S 220050874###S#1.svs,/home/eteriny/projects/foundation_inference/outputs/uni_thyroid_patch256/S_220050874_01_1d5a01d98e.npz,3254,3254,0,48980,256,512,2,224,155,79,0.1,0.528338,0.264169,3.411,float16,gpu,1,
ok,S 220050876/01__.fastpath,S 220050876#S 220050876###S#1.svs,/home/eteriny/projects/foundation_inference/outputs/uni_thyroid_patch256/S_220050876_01_d2a4bcab8a.npz,1144,1144,0,38400,256,512,2,224,150,64,0.1,0.528338,0.264169,1.244,float16,gpu,1,
ok,S 220051380/01_1.fastpath,S 220051380#S 220051380#1##S#1.svs,/home/eteriny/projects/foundation_inference/outputs/uni_thyroid_patch256/S_220051380_01_1_6d41bd7898.npz,653,653,0,15744,256,512,2,224,123,32,0.1,0.526246,0.263123,0.721,float16,gpu,1,
ok,S 220051382/01__.fastpath,S 220051382#S 220051382###S#1.svs,/home/eteriny/projects/foundation_inference/outputs/uni_thyroid_patch256/S_220051382_01_c07593b94f.npz,364,364,0,21120,256,512,2,224,160,33,0.1,0.526246,0.263123,0.414,float16,gpu,1,
ok,S 220051708/01__.fastpath,S 220051708#S 220051708###S#1.svs,/home/eteriny/projects/foundation_inference/outputs/uni_thyroid_patch256/S_220051708_01_a7625e13bc.npz,1134,1134,0,24180,256,512,2,224,155,39,0.1,0.52689,0.263445,1.203,float16,gpu,1,
ok,S 220051864/01__.fastpath,S 220051864#S 220051864###S#1.svs,/home/eteriny/projects/foundation_inference/outputs/uni_thyroid_patch256/S_220051864_01_12895c3a09.npz,207,207,0,20868,256,512,2,224,141,37,0.1,0.526028,0.263014,0.279,float16,gpu,1,
ok,S 220053159/01__.fastpath,S 220053159#S 220053159###S#1.svs,/home/eteriny/projects/foundation_inference/outputs/uni_thyroid_patch256/S_220053159_01_fcc7615dd9.npz,1126,1126,0,29184,256,512,2,224,152,48,0.1,0.528338,0.264169,1.180,float16,gpu,1,
ok,S 220053363/01__.fastpath,S 220053363#S 220053363###S#1.svs,/home/eteriny/projects/foundation_inference/outputs/uni_thyroid_patch256/S_220053363_01_8b5f0cf484.npz,0,0,0,64032,256,512,2,224,184,87,0.1,0.526246,0.263123,0.003,float16,gpu,1,
ok,S 220053799/01__.fastpath,S 220053799#S 220053799###S#1.svs,/home/eteriny/projects/foundation_inference/outputs/uni_thyroid_patch256/S_220053799_01_b95d565719.npz,6154,6154,0,55328,256,512,2,224,182,76,0.1,0.526246,0.263123,6.344,float16,gpu,1,
ok,S 220053930/01__.fastpath,S 220053930#S 220053930###S#1.svs,/home/eteriny/projects/foundation_inference/outputs/uni_thyroid_patch256/S_220053930_01_df2b67f117.npz,996,996,0,19024,256,512,2,224,116,41,0.1,0.526246,0.263123,1.075,float16,gpu,1,
ok,S 220054257/01__.fastpath,S 220054257#S 220054257###S#1.svs,/home/eteriny/projects/foundation_inference/outputs/uni_thyroid_patch256/S_220054257_01_3b69285976.npz,1016,1016,0,41496,256,512,2,224,182,57,0.1,0.526028,0.263014,1.072,float16,gpu,1,
ok,S 220054486/01__.fastpath,S 220054486#S 220054486###S#1.svs,/home/eteriny/projects/foundation_inference/outputs/uni_thyroid_patch256/S_220054486_01_ec015c30c8.npz,0,0,0,73960,256,512,2,224,215,86,0.1,0.528338,0.264169,0.003,float16,gpu,1,
ok,S 220054854/01__.fastpath,S 220054854#S 220054854###S#1.svs,/home/eteriny/projects/foundation_inference/outputs/uni_thyroid_patch256/S_220054854_01_62caef6d71.npz,255,255,0,42228,256,512,2,224,153,69,0.1,0.526028,0.263014,0.346,float16,gpu,1,
ok,S 220054994/01__.fastpath,S 220054994#S 220054994###S#1.svs,/home/eteriny/projects/foundation_inference/outputs/uni_thyroid_patch256/S_220054994_01_228b8f414a.npz,262,262,0,26676,256,512,2,224,117,57,0.1,0.526028,0.263014,0.371,float16,gpu,1,
ok,S 220055315/01__.fastpath,S 220055315#S 220055315###S#1.svs,/home/eteriny/projects/foundation_inference/outputs/uni_thyroid_patch256/S_220055315_01_ea8717e200.npz,963,963,0,27280,256,512,2,224,155,44,0.1,0.526246,0.263123,1.047,float16,gpu,1,
ok,S 220055324/01__.fastpath,S 220055324#S 220055324###S#1.svs,/home/eteriny/projects/foundation_inference/outputs/uni_thyroid_patch256/S_220055324_01_c002b7dd0f.npz,1270,1270,0,22140,256,512,2,224,123,45,0.1,0.526028,0.263014,1.320,float16,gpu,1,
ok,S 220055429/01__.fastpath,S 220055429#S 220055429###S#1.svs,/home/eteriny/projects/foundation_inference/outputs/uni_thyroid_patch256/S_220055429_01_cf340c3fa8.npz,1955,1955,0,34104,256,512,2,224,147,58,0.1,0.52689,0.263445,2.091,float16,gpu,1,
ok,S 220055621/01__.fastpath,S 220055621#S 220055621###S#1.svs,/home/eteriny/projects/foundation_inference/outputs/uni_thyroid_patch256/S_220055621_01_556229b00b.npz,2579,2579,0,40128,256,512,2,224,152,66,0.1,0.52689,0.263445,2.642,float16,gpu,1,
ok,S 220056573/01__.fastpath,S 220056573#S 220056573###S#1.svs,/home/eteriny/projects/foundation_inference/outputs/uni_thyroid_patch256/S_220056573_01_93464d4b79.npz,661,661,0,21608,256,512,2,224,146,37,0.1,0.528338,0.264169,0.740,float16,gpu,1,
ok,S 220056593/01__.fastpath,S 220056593#S 220056593###S#1.svs,/home/eteriny/projects/foundation_inference/outputs/uni_thyroid_patch256/S_220056593_01_40b77cb9d3.npz,2313,2313,0,25972,256,512,2,224,151,43,0.1,0.528338,0.264169,2.455,float16,gpu,1,
ok,S 220057028/01__.fastpath,S 220057028#S 220057028###S#1.svs,/home/eteriny/projects/foundation_inference/outputs/uni_thyroid_patch256/S_220057028_01_076b159a73.npz,528,528,0,17052,256,512,2,224,147,29,0.1,0.528338,0.264169,0.584,float16,gpu,1,
ok,S 220057987/01_1.fastpath,S 220057987#S 220057987#1##S#1.svs,/home/eteriny/projects/foundation_inference/outputs/uni_thyroid_patch256/S_220057987_01_1_2f6aec678c.npz,875,875,0,24864,256,512,2,224,148,42,0.1,0.528338,0.264169,0.941,float16,gpu,1,
ok,S 220057987/02_2.fastpath,S 220057987#S 220057987#2##S#2.svs,/home/eteriny/projects/foundation_inference/outputs/uni_thyroid_patch256/S_220057987_02_2_e271c4f8e6.npz,43,43,0,17360,256,512,2,224,140,31,0.1,0.528338,0.264169,0.081,float16,gpu,1,
ok,S 220058495/01__.fastpath,S 220058495#S 220058495###S#1.svs,/home/eteriny/projects/foundation_inference/outputs/uni_thyroid_patch256/S_220058495_01_68a059f18a.npz,1163,1163,0,28764,256,512,2,224,153,47,0.1,0.526028,0.263014,1.249,float16,gpu,1,
ok,S 230011030/01_1.fastpath,S 230011030#S 230011030#1##S#1.svs,/home/eteriny/projects/foundation_inference/outputs/uni_thyroid_patch256/S_230011030_01_1_b9f81d2835.npz,744,744,0,11968,256,512,2,224,88,34,0.1,0.52689,0.263445,0.817,float16,gpu,1,
ok,S 230011030/02_2.fastpath,S 230011030#S 230011030#2##S#2.svs,/home/eteriny/projects/foundation_inference/outputs/uni_thyroid_patch256/S_230011030_02_2_2c7aaba6fe.npz,1026,1026,0,17000,256,512,2,224,85,50,0.1,0.52689,0.263445,1.151,float16,gpu,1,
ok,S 230011033/01__.fastpath,S 230011033#S 230011033###S#1.svs,/home/eteriny/projects/foundation_inference/outputs/uni_thyroid_patch256/S_230011033_01_7d1f59d6ad.npz,3519,3519,0,38688,256,512,2,224,124,78,0.1,0.52689,0.263445,3.636,float16,gpu,1,
ok,S 230013265/01_1.fastpath,S 230013265#S 230013265#1##S#1.svs,/home/eteriny/projects/foundation_inference/outputs/uni_thyroid_patch256/S_230013265_01_1_9f97c80d98.npz,2769,2769,0,25344,256,512,2,224,96,66,0.1,0.526028,0.263014,2.911,float16,gpu,1,
ok,S 230013265/02_2.fastpath,S 230013265#S 230013265#2##S#2.svs,/home/eteriny/projects/foundation_inference/outputs/uni_thyroid_patch256/S_230013265_02_2_1663f13260.npz,918,918,0,14616,256,512,2,224,87,42,0.1,0.526028,0.263014,0.985,float16,gpu,1,
ok,S 230013269/01__.fastpath,S 230013269#S 230013269###S#1.svs,/home/eteriny/projects/foundation_inference/outputs/uni_thyroid_patch256/S_230013269_01_d19cfd65a9.npz,1184,1184,0,18576,256,512,2,224,86,54,0.1,0.526028,0.263014,1.322,float16,gpu,1,
ok,S 230013418/01__.fastpath,S 230013418#S 230013418###S#1.svs,/home/eteriny/projects/foundation_inference/outputs/uni_thyroid_patch256/S_230013418_01_b77be715d5.npz,720,720,0,12296,256,512,2,224,58,53,0.1,0.52689,0.263445,0.883,float16,gpu,1,
ok,S 230013710/01__.fastpath,S 230013710#S 230013710###S#1.svs,/home/eteriny/projects/foundation_inference/outputs/uni_thyroid_patch256/S_230013710_01_e995f9897e.npz,1524,1524,0,14616,256,512,2,224,87,42,0.1,0.526028,0.263014,1.608,float16,gpu,1,
ok,S 230014005/01__.fastpath,S 230014005#S 230014005###S#1.svs,/home/eteriny/projects/foundation_inference/outputs/uni_thyroid_patch256/S_230014005_01_fbc70fc22e.npz,984,984,0,16320,256,512,2,224,85,48,0.1,0.526028,0.263014,1.062,float16,gpu,1,
ok,S 230014007/01__.fastpath,S 230014007#S 230014007###S#1.svs,/home/eteriny/projects/foundation_inference/outputs/uni_thyroid_patch256/S_230014007_01_9a466e92e1.npz,1745,1745,0,18000,256,512,2,224,90,50,0.1,0.526028,0.263014,1.870,float16,gpu,1,
ok,S 230014154/01_1.fastpath,S 230014154#S 230014154#1##S#1.svs,/home/eteriny/projects/foundation_inference/outputs/uni_thyroid_patch256/S_230014154_01_1_8f588bfe97.npz,836,836,0,14280,256,512,2,224,85,42,0.1,0.526028,0.263014,0.930,float16,gpu,1,
ok,S 230014154/02_2.fastpath,S 230014154#S 230014154#2##S#2.svs,/home/eteriny/projects/foundation_inference/outputs/uni_thyroid_patch256/S_230014154_02_2_40673add4e.npz,849,849,0,22360,256,512,2,224,86,65,0.1,0.526028,0.263014,1.033,float16,gpu,1,
ok,S 230014160/01__.fastpath,S 230014160#S 230014160###S#1.svs,/home/eteriny/projects/foundation_inference/outputs/uni_thyroid_patch256/S_230014160_01_edd28d3308.npz,1482,1482,0,20976,256,512,2,224,92,57,0.1,0.526028,0.263014,1.607,float16,gpu,1,
ok,S 230014307/01__.fastpath,S 230014307#S 230014307###S#1.svs,/home/eteriny/projects/foundation_inference/outputs/uni_thyroid_patch256/S_230014307_01_703bd6c00d.npz,560,560,0,9920,256,512,2,224,80,31,0.1,0.528338,0.264169,0.625,float16,gpu,1,
ok,S 230014450/01__.fastpath,S 230014450#S 230014450###S#1.svs,/home/eteriny/projects/foundation_inference/outputs/uni_thyroid_patch256/S_230014450_01_81d194f81a.npz,1077,1077,0,14784,256,512,2,224,84,44,0.1,0.528338,0.264169,1.188,float16,gpu,1,
ok,S 230014756/01__.fastpath,S 230014756#S 230014756###S#1.svs,/home/eteriny/projects/foundation_inference/outputs/uni_thyroid_patch256/S_230014756_01_d5b66f1d59.npz,714,714,0,15652,256,512,2,224,91,43,0.1,0.526246,0.263123,0.808,float16,gpu,1,
ok,S 230015171/01__.fastpath,S 230015171#S 230015171###S#1.svs,/home/eteriny/projects/foundation_inference/outputs/uni_thyroid_patch256/S_230015171_01_46fe1de3af.npz,1087,1087,0,18564,256,512,2,224,91,51,0.1,0.526246,0.263123,1.163,float16,gpu,1,
ok,S 230015172/01__.fastpath,S 230015172#S 230015172###S#1.svs,/home/eteriny/projects/foundation_inference/outputs/uni_thyroid_patch256/S_230015172_01_82584f8609.npz,1649,1649,0,20160,256,512,2,224,90,56,0.1,0.526246,0.263123,1.765,float16,gpu,1,
ok,S 230015182/01_1.fastpath,S 230015182#S 230015182#1##S#1.svs,/home/eteriny/projects/foundation_inference/outputs/uni_thyroid_patch256/S_230015182_01_1_397558c4c4.npz,1453,1453,0,18480,256,512,2,224,105,44,0.1,0.526246,0.263123,1.553,float16,gpu,1,
ok,S 230015182/02_2.fastpath,S 230015182#S 230015182#2##S#2.svs,/home/eteriny/projects/foundation_inference/outputs/uni_thyroid_patch256/S_230015182_02_2_d13b6737fb.npz,1561,1561,0,38360,256,512,2,224,137,70,0.1,0.526246,0.263123,1.691,float16,gpu,1,
ok,S 230016059/01__.fastpath,S 230016059#S 230016059###S#1.svs,/home/eteriny/projects/foundation_inference/outputs/uni_thyroid_patch256/S_230016059_01_88c735c2b5.npz,337,337,0,11808,256,512,2,224,82,36,0.1,0.528338,0.264169,0.405,float16,gpu,1,
ok,S 230016236/01__.fastpath,S 230016236#S 230016236###S#1.svs,/home/eteriny/projects/foundation_inference/outputs/uni_thyroid_patch256/S_230016236_01_803994ee45.npz,599,599,0,12640,256,512,2,224,79,40,0.1,0.528338,0.264169,0.687,float16,gpu,1,
ok,S 230017219/01__.fastpath,S 230017219#S 230017219###S#1.svs,/home/eteriny/projects/foundation_inference/outputs/uni_thyroid_patch256/S_230017219_01_810c79de19.npz,1013,1013,0,17280,256,512,2,224,90,48,0.1,0.52689,0.263445,1.105,float16,gpu,1,
ok,S 230017537/01_1.fastpath,S 230017537#S 230017537#1##S#1.svs,/home/eteriny/projects/foundation_inference/outputs/uni_thyroid_patch256/S_230017537_01_1_fafcdc8d89.npz,886,886,0,14620,256,512,2,224,85,43,0.1,0.526028,0.263014,0.959,float16,gpu,1,
ok,S 230017537/02_2.fastpath,S 230017537#S 230017537#2##S#2.svs,/home/eteriny/projects/foundation_inference/outputs/uni_thyroid_patch256/S_230017537_02_2_0900776b24.npz,644,644,0,11160,256,512,2,224,90,31,0.1,0.526028,0.263014,0.706,float16,gpu,1,
ok,S 230017837/01_1.fastpath,S 230017837#S 230017837#1##S#1.svs,/home/eteriny/projects/foundation_inference/outputs/uni_thyroid_patch256/S_230017837_01_1_c4328e7fdd.npz,580,580,0,16200,256,512,2,224,90,45,0.1,0.52689,0.263445,0.702,float16,gpu,1,
ok,S 230017837/02_2.fastpath,S 230017837#S 230017837#2##S#2.svs,/home/eteriny/projects/foundation_inference/outputs/uni_thyroid_patch256/S_230017837_02_2_d665eb4fc2.npz,567,567,0,23460,256,512,2,224,85,69,0.1,0.52689,0.263445,0.693,float16,gpu,1,
ok,S 230018597/01__.fastpath,S 230018597#S 230018597###S#1.svs,/home/eteriny/projects/foundation_inference/outputs/uni_thyroid_patch256/S_230018597_01_fe4d8c3816.npz,668,668,0,14960,256,512,2,224,85,44,0.1,0.526028,0.263014,0.757,float16,gpu,1,
ok,S 230018602/01__.fastpath,S 230018602#S 230018602###S#1.svs,/home/eteriny/projects/foundation_inference/outputs/uni_thyroid_patch256/S_230018602_01_8b69fd6fc1.npz,28,28,0,10912,256,512,2,224,88,31,0.1,0.526028,0.263014,0.081,float16,gpu,1,
ok,S 230018703/01__.fastpath,S 230018703#S 230018703###S#1.svs,/home/eteriny/projects/foundation_inference/outputs/uni_thyroid_patch256/S_230018703_01_dbb1d0fd2f.npz,1918,1918,0,17108,256,512,2,224,91,47,0.1,0.526028,0.263014,1.994,float16,gpu,1,
ok,S 230018992/01__.fastpath,S 230018992#S 230018992###S#1.svs,/home/eteriny/projects/foundation_inference/outputs/uni_thyroid_patch256/S_230018992_01_3d7d1e5954.npz,1377,1377,0,20384,256,512,2,224,91,56,0.1,0.52689,0.263445,1.518,float16,gpu,1,
ok,S 230019012/01__.fastpath,S 230019012#S 230019012###S#1.svs,/home/eteriny/projects/foundation_inference/outputs/uni_thyroid_patch256/S_230019012_01_0435b76906.npz,224,224,0,10880,256,512,2,224,85,32,0.1,0.52689,0.263445,0.280,float16,gpu,1,
ok,S 230019300/01__.fastpath,S 230019300#S 230019300###S#1.svs,/home/eteriny/projects/foundation_inference/outputs/uni_thyroid_patch256/S_230019300_01_55e31a8d97.npz,1287,1287,0,15996,256,512,2,224,93,43,0.1,0.526246,0.263123,1.386,float16,gpu,1,
ok,S 230019617/01_1.fastpath,S 230019617#S 230019617#1##S#1.svs,/home/eteriny/projects/foundation_inference/outputs/uni_thyroid_patch256/S_230019617_01_1_0583436efd.npz,581,581,0,11900,256,512,2,224,85,35,0.1,0.526246,0.263123,0.663,float16,gpu,1,
ok,S 230019617/02_2.fastpath,S 230019617#S 230019617#2##S#2.svs,/home/eteriny/projects/foundation_inference/outputs/uni_thyroid_patch256/S_230019617_02_2_0aa39f80a3.npz,270,270,0,11376,256,512,2,224,79,36,0.1,0.526246,0.263123,0.345,float16,gpu,1,
ok,S 230019619/01__.fastpath,S 230019619#S 230019619###S#1.svs,/home/eteriny/projects/foundation_inference/outputs/uni_thyroid_patch256/S_230019619_01_f8b9536099.npz,1816,1816,0,23940,256,512,2,224,95,63,0.1,0.526246,0.263123,1.924,float16,gpu,1,
ok,S 230019777/01__.fastpath,S 230019777#S 230019777###S#1.svs,/home/eteriny/projects/foundation_inference/outputs/uni_thyroid_patch256/S_230019777_01_afb0d10b7d.npz,759,759,0,13832,256,512,2,224,91,38,0.1,0.52689,0.263445,0.816,float16,gpu,1,
ok,S 230019778/01__.fastpath,S 230019778#S 230019778###S#1.svs,/home/eteriny/projects/foundation_inference/outputs/uni_thyroid_patch256/S_230019778_01_9aaa561fca.npz,1065,1065,0,27264,256,512,2,224,142,48,0.1,0.526246,0.263123,1.118,float16,gpu,1,
ok,S 230020071/01_1.fastpath,S 230020071#S 230020071#1##S#1.svs,/home/eteriny/projects/foundation_inference/outputs/uni_thyroid_patch256/S_230020071_01_1_ca473df5d1.npz,189,189,0,8256,256,512,2,224,86,24,0.1,0.528338,0.264169,0.248,float16,gpu,1,
ok,S 230020071/02_2.fastpath,S 230020071#S 230020071#2##S#2.svs,/home/eteriny/projects/foundation_inference/outputs/uni_thyroid_patch256/S_230020071_02_2_51946d4ea5.npz,471,471,0,12768,256,512,2,224,84,38,0.1,0.528338,0.264169,0.548,float16,gpu,1,
ok,S 230020245/00____D.fastpath,S 230020245##D#S#0.svs,/home/eteriny/projects/foundation_inference/outputs/uni_thyroid_patch256/S_230020245_00____D_28a287606f.npz,355,355,0,14280,256,512,2,224,105,34,0.1,0.52689,0.263445,0.446,float16,gpu,1,
ok,S 230020245/01__.fastpath,S 230020245#S 230020245###S#1.svs,/home/eteriny/projects/foundation_inference/outputs/uni_thyroid_patch256/S_230020245_01_0c262843b3.npz,0,0,0,73960,256,512,2,224,215,86,0.1,0.528338,0.264169,0.003,float16,gpu,1,
ok,S 230020524/01__.fastpath,S 230020524#S 230020524###S#1.svs,/home/eteriny/projects/foundation_inference/outputs/uni_thyroid_patch256/S_230020524_01_8fc541a848.npz,346,346,0,14760,256,512,2,224,82,45,0.1,0.528338,0.264169,0.429,float16,gpu,1,
ok,S 230020673/01__.fastpath,S 230020673#S 230020673###S#1.svs,/home/eteriny/projects/foundation_inference/outputs/uni_thyroid_patch256/S_230020673_01_c2b8d2fa38.npz,1075,1075,0,15824,256,512,2,224,86,46,0.1,0.528338,0.264169,1.141,float16,gpu,1,
ok,S 230020816/01__.fastpath,S 230020816#S 230020816###S#1.svs,/home/eteriny/projects/foundation_inference/outputs/uni_thyroid_patch256/S_230020816_01_b8e708df4d.npz,172,172,0,7392,256,512,2,224,77,24,0.1,0.526028,0.263014,0.251,float16,gpu,1,
ok,S 230020818/01__.fastpath,S 230020818#S 230020818###S#1.svs,/home/eteriny/projects/foundation_inference/outputs/uni_thyroid_patch256/S_230020818_01_5b5bb0bed2.npz,278,278,0,11664,256,512,2,224,81,36,0.1,0.526028,0.263014,0.367,float16,gpu,1,
ok,S 230021709/01__.fastpath,S 230021709#S 230021709###S#1.svs,/home/eteriny/projects/foundation_inference/outputs/uni_thyroid_patch256/S_230021709_01_6cf930cf72.npz,676,676,0,14280,256,512,2,224,85,42,0.1,0.526028,0.263014,0.792,float16,gpu,1,
ok,S 230021729/01__.fastpath,S 230021729#S 230021729###S#1.svs,/home/eteriny/projects/foundation_inference/outputs/uni_thyroid_patch256/S_230021729_01_305a28216a.npz,396,396,0,13572,256,512,2,224,87,39,0.1,0.526028,0.263014,0.470,float16,gpu,1,
ok,S 230022131/01_1.fastpath,S 230022131#S 230022131#1##S#1.svs,/home/eteriny/projects/foundation_inference/outputs/uni_thyroid_patch256/S_230022131_01_1_6d95570075.npz,157,157,0,16848,256,512,2,224,108,39,0.1,0.526246,0.263123,0.239,float16,gpu,1,
ok,S 230022131/02_2.fastpath,S 230022131#S 230022131#2##S#2.svs,/home/eteriny/projects/foundation_inference/outputs/uni_thyroid_patch256/S_230022131_02_2_ff3eae2a05.npz,380,380,0,11200,256,512,2,224,80,35,0.1,0.526246,0.263123,0.453,float16,gpu,1,
ok,S 230022135/01__.fastpath,S 230022135#S 230022135###S#1.svs,/home/eteriny/projects/foundation_inference/outputs/uni_thyroid_patch256/S_230022135_01_1198e49bc1.npz,741,741,0,24236,256,512,2,224,83,73,0.1,0.526246,0.263123,0.892,float16,gpu,1,
ok,S 230022232/01__.fastpath,S 230022232#S 230022232###S#1.svs,/home/eteriny/projects/foundation_inference/outputs/uni_thyroid_patch256/S_230022232_01_2d6ac53946.npz,786,786,0,17888,256,512,2,224,86,52,0.1,0.526246,0.263123,0.877,float16,gpu,1,
ok,S 230022653/01__.fastpath,S 230022653#S 230022653###S#1.svs,/home/eteriny/projects/foundation_inference/outputs/uni_thyroid_patch256/S_230022653_01_4132efeed1.npz,1309,1309,0,15200,256,512,2,224,95,40,0.1,0.526028,0.263014,1.375,float16,gpu,1,
ok,S 230023376/01__.fastpath,S 230023376#S 230023376###S#1.svs,/home/eteriny/projects/foundation_inference/outputs/uni_thyroid_patch256/S_230023376_01_c3d503442e.npz,508,508,0,14620,256,512,2,224,85,43,0.1,0.526246,0.263123,0.622,float16,gpu,1,
ok,S 230023394/01__.fastpath,S 230023394#S 230023394###S#1.svs,/home/eteriny/projects/foundation_inference/outputs/uni_thyroid_patch256/S_230023394_01_e2ba5c13ed.npz,805,805,0,13680,256,512,2,224,90,38,0.1,0.526246,0.263123,0.875,float16,gpu,1,
ok,S 230023707/01__.fastpath,S 230023707#S 230023707###S#1.svs,/home/eteriny/projects/foundation_inference/outputs/uni_thyroid_patch256/S_230023707_01_382f4c0951.npz,1140,1140,0,17640,256,512,2,224,90,49,0.1,0.526246,0.263123,1.262,float16,gpu,1,
ok,S 230023899/01_1.fastpath,S 230023899#S 230023899#1##S#1.svs,/home/eteriny/projects/foundation_inference/outputs/uni_thyroid_patch256/S_230023899_01_1_9046677b44.npz,597,597,0,11264,256,512,2,224,88,32,0.1,0.526246,0.263123,0.664,float16,gpu,1,
ok,S 230023899/02_2.fastpath,S 230023899#S 230023899#2##S#2.svs,/home/eteriny/projects/foundation_inference/outputs/uni_thyroid_patch256/S_230023899_02_2_c44a4a6dba.npz,642,642,0,11160,256,512,2,224,90,31,0.1,0.526246,0.263123,0.723,float16,gpu,1,
ok,S 230023979/01__.fastpath,S 230023979#S 230023979###S#1.svs,/home/eteriny/projects/foundation_inference/outputs/uni_thyroid_patch256/S_230023979_01_386b36bbb6.npz,1378,1378,0,15252,256,512,2,224,93,41,0.1,0.526028,0.263014,1.460,float16,gpu,1,
ok,S 230024759/01__.fastpath,S 230024759#S 230024759###S#1.svs,/home/eteriny/projects/foundation_inference/outputs/uni_thyroid_patch256/S_230024759_01_a16d732232.npz,1361,1361,0,26572,256,512,2,224,91,73,0.1,0.52689,0.263445,1.441,float16,gpu,1,
ok,S 230024764/01__.fastpath,S 230024764#S 230024764###S#1.svs,/home/eteriny/projects/foundation_inference/outputs/uni_thyroid_patch256/S_230024764_01_7c757dd9a5.npz,660,660,0,24564,256,512,2,224,89,69,0.1,0.52689,0.263445,0.791,float16,gpu,1,
ok,S 230025058/01__.fastpath,S 230025058#S 230025058###S#1.svs,/home/eteriny/projects/foundation_inference/outputs/uni_thyroid_patch256/S_230025058_01_6ae32fe260.npz,905,905,0,24168,256,512,2,224,114,53,0.1,0.528338,0.264169,1.003,float16,gpu,1,
ok,S 230025161/01_1.fastpath,S 230025161#S 230025161#1##S#1.svs,/home/eteriny/projects/foundation_inference/outputs/uni_thyroid_patch256/S_230025161_01_1_32306323ba.npz,357,357,0,9960,256,512,2,224,83,30,0.1,0.52689,0.263445,0.423,float16,gpu,1,
ok,S 230025161/02_2.fastpath,S 230025161#S 230025161#2##S#2.svs,/home/eteriny/projects/foundation_inference/outputs/uni_thyroid_patch256/S_230025161_02_2_b2cdda5f64.npz,634,634,0,12528,256,512,2,224,87,36,0.1,0.52689,0.263445,0.707,float16,gpu,1,
ok,S 230025510/01__.fastpath,S 230025510#S 230025510###S#1.svs,/home/eteriny/projects/foundation_inference/outputs/uni_thyroid_patch256/S_230025510_01_7020756ebf.npz,632,632,0,13608,256,512,2,224,81,42,0.1,0.526246,0.263123,0.712,float16,gpu,1,
ok,S 230025518/01__.fastpath,S 230025518#S 230025518###S#1.svs,/home/eteriny/projects/foundation_inference/outputs/uni_thyroid_patch256/S_230025518_01_99cd65d22c.npz,1322,1322,0,15480,256,512,2,224,90,43,0.1,0.526246,0.263123,1.411,float16,gpu,1,
ok,S 230025778/01__.fastpath,S 230025778#S 230025778###S#1.svs,/home/eteriny/projects/foundation_inference/outputs/uni_thyroid_patch256/S_230025778_01_112d23d7c0.npz,549,549,0,12180,256,512,2,224,87,35,0.1,0.52689,0.263445,0.621,float16,gpu,1,
ok,S 230025947/01_1.fastpath,S 230025947#S 230025947#1##S#1.svs,/home/eteriny/projects/foundation_inference/outputs/uni_thyroid_patch256/S_230025947_01_1_3ded026fbb.npz,426,426,0,13104,256,512,2,224,91,36,0.1,0.52689,0.263445,0.501,float16,gpu,1,
ok,S 230025947/02_2.fastpath,S 230025947#S 230025947#2##S#2.svs,/home/eteriny/projects/foundation_inference/outputs/uni_thyroid_patch256/S_230025947_02_2_8b9b5fd0af.npz,385,385,0,13728,256,512,2,224,88,39,0.1,0.52689,0.263445,0.461,float16,gpu,1,
ok,S 230026050/01__.fastpath,S 230026050#S 230026050###S#1.svs,/home/eteriny/projects/foundation_inference/outputs/uni_thyroid_patch256/S_230026050_01_96905db4a3.npz,436,436,0,11340,256,512,2,224,81,35,0.1,0.52689,0.263445,0.521,float16,gpu,1,
ok,S 230027168/01__.fastpath,S 230027168#S 230027168###S#1.svs,/home/eteriny/projects/foundation_inference/outputs/uni_thyroid_patch256/S_230027168_01_4e42f6d0f8.npz,261,261,0,12600,256,512,2,224,90,35,0.1,0.526246,0.263123,0.344,float16,gpu,1,
ok,S 230027662/01__.fastpath,S 230027662#S 230027662###S#1.svs,/home/eteriny/projects/foundation_inference/outputs/uni_thyroid_patch256/S_230027662_01_62642cac73.npz,779,779,0,15552,256,512,2,224,81,48,0.1,0.52689,0.263445,0.885,float16,gpu,1,
ok,S 230027668/01__.fastpath,S 230027668#S 230027668###S#1.svs,/home/eteriny/projects/foundation_inference/outputs/uni_thyroid_patch256/S_230027668_01_2c54697469.npz,651,651,0,14960,256,512,2,224,85,44,0.1,0.52689,0.263445,0.745,float16,gpu,1,
ok,S 230028243/01__.fastpath,S 230028243#S 230028243###S#1.svs,/home/eteriny/projects/foundation_inference/outputs/uni_thyroid_patch256/S_230028243_01_f09905ff5b.npz,354,354,0,12816,256,512,2,224,89,36,0.1,0.52689,0.263445,0.497,float16,gpu,1,
ok,S 230028644/01__.fastpath,S 230028644#S 230028644###S#1.svs,/home/eteriny/projects/foundation_inference/outputs/uni_thyroid_patch256/S_230028644_01_936a5173fd.npz,371,371,0,19080,256,512,2,224,106,45,0.1,0.526028,0.263014,0.451,float16,gpu,1,
ok,S 230028949/01__.fastpath,S 230028949#S 230028949###S#1.svs,/home/eteriny/projects/foundation_inference/outputs/uni_thyroid_patch256/S_230028949_01_4defe43f1b.npz,397,397,0,14580,256,512,2,224,81,45,0.1,0.526028,0.263014,0.525,float16,gpu,1,
ok,S 230029801/01__.fastpath,S 230029801#S 230029801###S#1.svs,/home/eteriny/projects/foundation_inference/outputs/uni_thyroid_patch256/S_230029801_01_bcdef58f17.npz,946,946,0,16320,256,512,2,224,85,48,0.1,0.52689,0.263445,1.047,float16,gpu,1,
ok,S 230030096/01__.fastpath,S 230030096#S 230030096###S#1.svs,/home/eteriny/projects/foundation_inference/outputs/uni_thyroid_patch256/S_230030096_01_47d8a16105.npz,371,371,0,24864,256,512,2,224,168,37,0.1,0.52689,0.263445,0.434,float16,gpu,1,
ok,S 230030428/01__.fastpath,S 230030428#S 230030428###S#1.svs,/home/eteriny/projects/foundation_inference/outputs/uni_thyroid_patch256/S_230030428_01_1ec20e98de.npz,99,99,0,11872,256,512,2,224,106,28,0.1,0.528338,0.264169,0.156,float16,gpu,1,
ok,S 230030434/01__.fastpath,S 230030434#S 230030434###S#1.svs,/home/eteriny/projects/foundation_inference/outputs/uni_thyroid_patch256/S_230030434_01_10f49dce7a.npz,2379,2379,0,36520,256,512,2,224,110,83,0.1,0.528338,0.264169,2.512,float16,gpu,1,
ok,S 230030696/01__.fastpath,S 230030696#S 230030696###S#1.svs,/home/eteriny/projects/foundation_inference/outputs/uni_thyroid_patch256/S_230030696_01_3c4fdc6ab8.npz,1719,1719,0,16544,256,512,2,224,88,47,0.1,0.526028,0.263014,1.792,float16,gpu,1,
ok,S 230031022/01__.fastpath,S 230031022#S 230031022###S#1.svs,/home/eteriny/projects/foundation_inference/outputs/uni_thyroid_patch256/S_230031022_01_95fd18b800.npz,467,467,0,13612,256,512,2,224,83,41,0.1,0.526246,0.263123,0.579,float16,gpu,1,
ok,S 230031202/01_1.fastpath,S 230031202#S 230031202#1##S#1.svs,/home/eteriny/projects/foundation_inference/outputs/uni_thyroid_patch256/S_230031202_01_1_1d2da574ca.npz,558,558,0,11904,256,512,2,224,93,32,0.1,0.526246,0.263123,0.614,float16,gpu,1,
ok,S 230031202/02_2.fastpath,S 230031202#S 230031202#2##S#2.svs,/home/eteriny/projects/foundation_inference/outputs/uni_thyroid_patch256/S_230031202_02_2_9034a59c0a.npz,245,245,0,10440,256,512,2,224,87,30,0.1,0.526246,0.263123,0.309,float16,gpu,1,
ok,S 230031315/01_1.fastpath,S 230031315#S 230031315#1##S#1.svs,/home/eteriny/projects/foundation_inference/outputs/uni_thyroid_patch256/S_230031315_01_1_1c80a18aae.npz,742,742,0,14596,256,512,2,224,89,41,0.1,0.526246,0.263123,0.811,float16,gpu,1,
ok,S 230031315/02_2.fastpath,S 230031315#S 230031315#2##S#2.svs,/home/eteriny/projects/foundation_inference/outputs/uni_thyroid_patch256/S_230031315_02_2_ee6303ec13.npz,532,532,0,11088,256,512,2,224,84,33,0.1,0.526246,0.263123,0.617,float16,gpu,1,
ok,S 230032244/01__.fastpath,S 230032244#S 230032244###S#1.svs,/home/eteriny/projects/foundation_inference/outputs/uni_thyroid_patch256/S_230032244_01_087bcb3862.npz,195,195,0,9744,256,512,2,224,84,29,0.1,0.52689,0.263445,0.254,float16,gpu,1,
ok,S 230032525/01__.fastpath,S 230032525#S 230032525###S#1.svs,/home/eteriny/projects/foundation_inference/outputs/uni_thyroid_patch256/S_230032525_01_7693084f65.npz,118,118,0,6048,256,512,2,224,54,28,0.1,0.526246,0.263123,0.201,float16,gpu,1,
ok,S 230032687/01__.fastpath,S 230032687#S 230032687###S#1.svs,/home/eteriny/projects/foundation_inference/outputs/uni_thyroid_patch256/S_230032687_01_5efc9c9ef0.npz,335,335,0,9920,256,512,2,224,80,31,0.1,0.52689,0.263445,0.398,float16,gpu,1,
ok,S 230033078/01_1.fastpath,S 230033078#S 230033078#1##S#1.svs,/home/eteriny/projects/foundation_inference/outputs/uni_thyroid_patch256/S_230033078_01_1_eccfa38b20.npz,622,622,0,14620,256,512,2,224,85,43,0.1,0.526028,0.263014,0.713,float16,gpu,1,
ok,S 230033078/02_2.fastpath,S 230033078#S 230033078#2##S#2.svs,/home/eteriny/projects/foundation_inference/outputs/uni_thyroid_patch256/S_230033078_02_2_fa5b0c945f.npz,644,644,0,14240,256,512,2,224,89,40,0.1,0.526028,0.263014,0.734,float16,gpu,1,
ok,S 230033240/01__.fastpath,S 230033240#S 230033240###S#1.svs,/home/eteriny/projects/foundation_inference/outputs/uni_thyroid_patch256/S_230033240_01_4258255dc1.npz,2075,2075,0,17640,256,512,2,224,90,49,0.1,0.526028,0.263014,2.195,float16,gpu,1,
ok,S 230033987/01_1.fastpath,S 230033987#S 230033987#1##S#1.svs,/home/eteriny/projects/foundation_inference/outputs/uni_thyroid_patch256/S_230033987_01_1_e3fbce7294.npz,555,555,0,12628,256,512,2,224,77,41,0.1,0.52689,0.263445,0.640,float16,gpu,1,
ok,S 230033987/02_2.fastpath,S 230033987#S 230033987#2##S#2.svs,/home/eteriny/projects/foundation_inference/outputs/uni_thyroid_patch256/S_230033987_02_2_d7eb0c743c.npz,646,646,0,10824,256,512,2,224,82,33,0.1,0.52689,0.263445,0.741,float16,gpu,1,
ok,S 230033987/03_3.fastpath,S 230033987#S 230033987#3##S#3.svs,/home/eteriny/projects/foundation_inference/outputs/uni_thyroid_patch256/S_230033987_03_3_95cf26b9e7.npz,372,372,0,10368,256,512,2,224,81,32,0.1,0.52689,0.263445,0.462,float16,gpu,1,
ok,S 230033997/01__.fastpath,S 230033997#S 230033997###S#1.svs,/home/eteriny/projects/foundation_inference/outputs/uni_thyroid_patch256/S_230033997_01_a947ddd96c.npz,167,167,0,9072,256,512,2,224,81,28,0.1,0.528338,0.264169,0.228,float16,gpu,1,
ok,S 230035181/01_1.fastpath,S 230035181#S 230035181#1##S#1.svs,/home/eteriny/projects/foundation_inference/outputs/uni_thyroid_patch256/S_230035181_01_1_35649980e3.npz,534,534,0,17628,256,512,2,224,113,39,0.1,0.528338,0.264169,0.607,float16,gpu,1,
ok,S 230035181/02_2.fastpath,S 230035181#S 230035181#2##S#2.svs,/home/eteriny/projects/foundation_inference/outputs/uni_thyroid_patch256/S_230035181_02_2_2d01396e7f.npz,829,829,0,18080,256,512,2,224,113,40,0.1,0.528338,0.264169,0.917,float16,gpu,1,
ok,S 230035190/01__.fastpath,S 230035190#S 230035190###S#1.svs,/home/eteriny/projects/foundation_inference/outputs/uni_thyroid_patch256/S_230035190_01_62bd1f570b.npz,870,870,0,16600,256,512,2,224,83,50,0.1,0.528338,0.264169,0.976,float16,gpu,1,
ok,S 230035595/01_1.fastpath,S 230035595#S 230035595#1##S#1.svs,/home/eteriny/projects/foundation_inference/outputs/uni_thyroid_patch256/S_230035595_01_1_3b344a3bcf.npz,374,374,0,8400,256,512,2,224,60,35,0.1,0.528338,0.264169,0.472,float16,gpu,1,
ok,S 230035595/02_2.fastpath,S 230035595#S 230035595#2##S#2.svs,/home/eteriny/projects/foundation_inference/outputs/uni_thyroid_patch256/S_230035595_02_2_4725942766.npz,2633,2633,0,24064,256,512,2,224,94,64,0.1,0.528338,0.264169,2.732,float16,gpu,1,
ok,S 230035598/01__.fastpath,S 230035598#S 230035598###S#1.svs,/home/eteriny/projects/foundation_inference/outputs/uni_thyroid_patch256/S_230035598_01_f5ba3a34ff.npz,1707,1707,0,19504,256,512,2,224,92,53,0.1,0.528338,0.264169,1.839,float16,gpu,1,
ok,S 230035742/01__.fastpath,S 230035742#S 230035742###S#1.svs,/home/eteriny/projects/foundation_inference/outputs/uni_thyroid_patch256/S_230035742_01_ca03024d31.npz,823,823,0,16200,256,512,2,224,90,45,0.1,0.526246,0.263123,0.905,float16,gpu,1,
ok,S 230035743/01__.fastpath,S 230035743#S 230035743###S#1.svs,/home/eteriny/projects/foundation_inference/outputs/uni_thyroid_patch256/S_230035743_01_2bf961c5a4.npz,1001,1001,0,15120,256,512,2,224,84,45,0.1,0.526246,0.263123,1.110,float16,gpu,1,
ok,S 230035744/01__.fastpath,S 230035744#S 230035744###S#1.svs,/home/eteriny/projects/foundation_inference/outputs/uni_thyroid_patch256/S_230035744_01_04a8c6725e.npz,1001,1001,0,16732,256,512,2,224,89,47,0.1,0.526246,0.263123,1.071,float16,gpu,1,
ok,S 230036459/01__.fastpath,S 230036459#S 230036459###S#1.svs,/home/eteriny/projects/foundation_inference/outputs/uni_thyroid_patch256/S_230036459_01_02a9d0462d.npz,1416,1416,0,20952,256,512,2,224,97,54,0.1,0.526246,0.263123,1.527,float16,gpu,1,
ok,S 230036595/01_1.fastpath,S 230036595#S 230036595#1##S#1.svs,/home/eteriny/projects/foundation_inference/outputs/uni_thyroid_patch256/S_230036595_01_1_6414cf1343.npz,400,400,0,10880,256,512,2,224,85,32,0.1,0.52689,0.263445,0.479,float16,gpu,1,
ok,S 230036595/02_2.fastpath,S 230036595#S 230036595#2##S#2.svs,/home/eteriny/projects/foundation_inference/outputs/uni_thyroid_patch256/S_230036595_02_2_64e224670e.npz,102,102,0,9180,256,512,2,224,85,27,0.1,0.52689,0.263445,0.154,float16,gpu,1,
ok,S 230036595/03_3.fastpath,S 230036595#S 230036595#3##S#3.svs,/home/eteriny/projects/foundation_inference/outputs/uni_thyroid_patch256/S_230036595_03_3_37adde7a84.npz,260,260,0,12096,256,512,2,224,84,36,0.1,0.52689,0.263445,0.335,float16,gpu,1,
ok,S 230037160/01__.fastpath,S 230037160#S 230037160###S#1.svs,/home/eteriny/projects/foundation_inference/outputs/uni_thyroid_patch256/S_230037160_01_7f439bee9d.npz,2021,2021,0,48472,256,512,2,224,166,73,0.1,0.528338,0.264169,2.157,float16,gpu,1,
ok,S 230037676/01__.fastpath,S 230037676#S 230037676###S#1.svs,/home/eteriny/projects/foundation_inference/outputs/uni_thyroid_patch256/S_230037676_01_b1fc2f60ba.npz,344,344,0,11968,256,512,2,224,88,34,0.1,0.52689,0.263445,0.415,float16,gpu,1,
ok,S 230038737/01__.fastpath,S 230038737#S 230038737###S#1.svs,/home/eteriny/projects/foundation_inference/outputs/uni_thyroid_patch256/S_230038737_01_c1f515d813.npz,275,275,0,7696,256,512,2,224,52,37,0.1,0.52689,0.263445,0.379,float16,gpu,1,
ok,S 230039198/01__.fastpath,S 230039198#S 230039198###S#1.svs,/home/eteriny/projects/foundation_inference/outputs/uni_thyroid_patch256/S_230039198_01_432293c12d.npz,282,282,0,11088,256,512,2,224,84,33,0.1,0.528338,0.264169,0.358,float16,gpu,1,
ok,S 230039503/01_1.fastpath,S 230039503#S 230039503#1##S#1.svs,/home/eteriny/projects/foundation_inference/outputs/uni_thyroid_patch256/S_230039503_01_1_bd41402d6b.npz,173,173,0,12136,256,512,2,224,82,37,0.1,0.52689,0.263445,0.244,float16,gpu,1,
ok,S 230039503/02_2.fastpath,S 230039503#S 230039503#2##S#2.svs,/home/eteriny/projects/foundation_inference/outputs/uni_thyroid_patch256/S_230039503_02_2_3b9cb20ab9.npz,0,0,0,74472,256,512,2,224,214,87,0.1,0.52689,0.263445,0.003,float16,gpu,1,
ok,S 230039506/01__.fastpath,S 230039506#S 230039506###S#1.svs,/home/eteriny/projects/foundation_inference/outputs/uni_thyroid_patch256/S_230039506_01_8684aff917.npz,1096,1096,0,18404,256,512,2,224,107,43,0.1,0.52689,0.263445,1.185,float16,gpu,1,
ok,S 230039508/01__.fastpath,S 230039508#S 230039508###S#1.svs,/home/eteriny/projects/foundation_inference/outputs/uni_thyroid_patch256/S_230039508_01_f09075db3e.npz,1016,1016,0,18156,256,512,2,224,89,51,0.1,0.52689,0.263445,1.130,float16,gpu,1,
ok,S 230039794/01__.fastpath,S 230039794#S 230039794###S#1.svs,/home/eteriny/projects/foundation_inference/outputs/uni_thyroid_patch256/S_230039794_01_2cf11ff6bd.npz,1131,1131,0,19504,256,512,2,224,92,53,0.1,0.528338,0.264169,1.260,float16,gpu,1,
ok,S 230039801/01__.fastpath,S 230039801#S 230039801###S#1.svs,/home/eteriny/projects/foundation_inference/outputs/uni_thyroid_patch256/S_230039801_01_57a67e6eee.npz,280,280,0,14960,256,512,2,224,85,44,0.1,0.528338,0.264169,0.368,float16,gpu,1,
ok,S 230039954/01_1.fastpath,S 230039954#S 230039954#1##S#1.svs,/home/eteriny/projects/foundation_inference/outputs/uni_thyroid_patch256/S_230039954_01_1_ae7a978451.npz,408,408,0,13688,256,512,2,224,118,29,0.1,0.528338,0.264169,0.460,float16,gpu,1,
ok,S 230039954/02_2.fastpath,S 230039954#S 230039954#2##S#2.svs,/home/eteriny/projects/foundation_inference/outputs/uni_thyroid_patch256/S_230039954_02_2_e6dcb680ad.npz,599,599,0,12948,256,512,2,224,83,39,0.1,0.528338,0.264169,0.662,float16,gpu,1,
ok,S 230040100/01__.fastpath,S 230040100#S 230040100###S#1.svs,/home/eteriny/projects/foundation_inference/outputs/uni_thyroid_patch256/S_230040100_01_15b750c302.npz,411,411,0,35028,256,512,2,224,139,63,0.1,0.52689,0.263445,0.506,float16,gpu,1,
ok,S 230040105/01__.fastpath,S 230040105#S 230040105###S#1.svs,/home/eteriny/projects/foundation_inference/outputs/uni_thyroid_patch256/S_230040105_01_a9637a3fc3.npz,413,413,0,12920,256,512,2,224,85,38,0.1,0.52689,0.263445,0.507,float16,gpu,1,
ok,S 230040463/01__.fastpath,S 230040463#S 230040463###S#1.svs,/home/eteriny/projects/foundation_inference/outputs/uni_thyroid_patch256/S_230040463_01_feea39ee94.npz,551,551,0,10752,256,512,2,224,84,32,0.1,0.526028,0.263014,0.619,float16,gpu,1,
ok,S 230040775/01__.fastpath,S 230040775#S 230040775###S#1.svs,/home/eteriny/projects/foundation_inference/outputs/uni_thyroid_patch256/S_230040775_01_56a8618126.npz,335,335,0,12876,256,512,2,224,87,37,0.1,0.526246,0.263123,0.403,float16,gpu,1,
ok,S 230040777/01__.fastpath,S 230040777#S 230040777###S#1.svs,/home/eteriny/projects/foundation_inference/outputs/uni_thyroid_patch256/S_230040777_01_7b15fd2261.npz,982,982,0,15048,256,512,2,224,114,33,0.1,0.526246,0.263123,1.094,float16,gpu,1,
ok,S 230040925/01__.fastpath,S 230040925#S 230040925###S#1.svs,/home/eteriny/projects/foundation_inference/outputs/uni_thyroid_patch256/S_230040925_01_4c6776b0a2.npz,918,918,0,14608,256,512,2,224,83,44,0.1,0.526246,0.263123,1.031,float16,gpu,1,
ok,S 230041063/01__.fastpath,S 230041063#S 230041063###S#1.svs,/home/eteriny/projects/foundation_inference/outputs/uni_thyroid_patch256/S_230041063_01_021e39b0ab.npz,1409,1409,0,58136,256,512,2,224,169,86,0.1,0.52689,0.263445,1.543,float16,gpu,1,
ok,S 230041069/01__.fastpath,S 230041069#S 230041069###S#1.svs,/home/eteriny/projects/foundation_inference/outputs/uni_thyroid_patch256/S_230041069_01_1c2b82f1bb.npz,998,998,0,42380,256,512,2,224,163,65,0.1,0.52689,0.263445,1.058,float16,gpu,1,
ok,S 230041941/01_1.fastpath,S 230041941#S 230041941#1##S#1.svs,/home/eteriny/projects/foundation_inference/outputs/uni_thyroid_patch256/S_230041941_01_1_510485b2ad.npz,139,139,0,75168,256,512,2,224,216,87,0.1,0.526028,0.263014,0.254,float16,gpu,1,
ok,S 230041941/02_2.fastpath,S 230041941#S 230041941#2##S#2.svs,/home/eteriny/projects/foundation_inference/outputs/uni_thyroid_patch256/S_230041941_02_2_70eb5f7de6.npz,576,576,0,75168,256,512,2,224,216,87,0.1,0.526028,0.263014,0.677,float16,gpu,1,
ok,S 230042077/01__.fastpath,S 230042077#S 230042077###S#1.svs,/home/eteriny/projects/foundation_inference/outputs/uni_thyroid_patch256/S_230042077_01_1721893cc1.npz,363,363,0,19952,256,512,2,224,116,43,0.1,0.526028,0.263014,0.429,float16,gpu,1,
ok,S 230042083/01__.fastpath,S 230042083#S 230042083###S#1.svs,/home/eteriny/projects/foundation_inference/outputs/uni_thyroid_patch256/S_230042083_01_4a26ec1303.npz,129,129,0,12960,256,512,2,224,81,40,0.1,0.526028,0.263014,0.214,float16,gpu,1,
ok,S 230042398/01__.fastpath,S 230042398#S 230042398###S#1.svs,/home/eteriny/projects/foundation_inference/outputs/uni_thyroid_patch256/S_230042398_01_2d0c72064a.npz,460,460,0,14760,256,512,2,224,82,45,0.1,0.528338,0.264169,0.547,float16,gpu,1,
ok,S 230042980/01__.fastpath,S 230042980#S 230042980###S#1.svs,/home/eteriny/projects/foundation_inference/outputs/uni_thyroid_patch256/S_230042980_01_e31338491c.npz,907,907,0,14104,256,512,2,224,82,43,0.1,0.52689,0.263445,1.025,float16,gpu,1,
ok,S 230043317/01__.fastpath,S 230043317#S 230043317###S#1.svs,/home/eteriny/projects/foundation_inference/outputs/uni_thyroid_patch256/S_230043317_01_ea704e8b0a.npz,489,489,0,12792,256,512,2,224,82,39,0.1,0.526028,0.263014,0.566,float16,gpu,1,
ok,S 230043861/01__.fastpath,S 230043861#S 230043861###S#1.svs,/home/eteriny/projects/foundation_inference/outputs/uni_thyroid_patch256/S_230043861_01_79dcd9bdb8.npz,480,480,0,9288,256,512,2,224,86,27,0.1,0.526246,0.263123,0.541,float16,gpu,1,
ok,S 230043866/01_1.fastpath,S 230043866#S 230043866#1##S#1.svs,/home/eteriny/projects/foundation_inference/outputs/uni_thyroid_patch256/S_230043866_01_1_baa6912ff8.npz,17,17,0,12760,256,512,2,224,110,29,0.1,0.526246,0.263123,0.063,float16,gpu,1,
ok,S 230043866/02_2.fastpath,S 230043866#S 230043866#2##S#2.svs,/home/eteriny/projects/foundation_inference/outputs/uni_thyroid_patch256/S_230043866_02_2_64ef69a463.npz,145,145,0,11556,256,512,2,224,107,27,0.1,0.526246,0.263123,0.203,float16,gpu,1,
ok,S 230044299/01__.fastpath,S 230044299#S 230044299###S#1.svs,/home/eteriny/projects/foundation_inference/outputs/uni_thyroid_patch256/S_230044299_01_9de588cebf.npz,1963,1963,0,25960,256,512,2,224,110,59,0.1,0.526246,0.263123,2.050,float16,gpu,1,
ok,S 230044436/01__.fastpath,S 230044436#S 230044436###S#1.svs,/home/eteriny/projects/foundation_inference/outputs/uni_thyroid_patch256/S_230044436_01_673f117c98.npz,928,928,0,17680,256,512,2,224,85,52,0.1,0.526246,0.263123,1.052,float16,gpu,1,
ok,S 230044753/01__.fastpath,S 230044753#S 230044753###S#1.svs,/home/eteriny/projects/foundation_inference/outputs/uni_thyroid_patch256/S_230044753_01_7526d34a9a.npz,787,787,0,16192,256,512,2,224,92,44,0.1,0.528338,0.264169,0.858,float16,gpu,1,
ok,S 230044765/01__.fastpath,S 230044765#S 230044765###S#1.svs,/home/eteriny/projects/foundation_inference/outputs/uni_thyroid_patch256/S_230044765_01_644d83e5e7.npz,235,235,0,19980,256,512,2,224,135,37,0.1,0.528338,0.264169,0.289,float16,gpu,1,
ok,S 230044910/01__.fastpath,S 230044910#S 230044910###S#1.svs,/home/eteriny/projects/foundation_inference/outputs/uni_thyroid_patch256/S_230044910_01_a9db7de3e7.npz,607,607,0,17680,256,512,2,224,85,52,0.1,0.528338,0.264169,0.699,float16,gpu,1,
ok,S 230045812/01__.fastpath,S 230045812#S 230045812###S#1.svs,/home/eteriny/projects/foundation_inference/outputs/uni_thyroid_patch256/S_230045812_01_0882c2f219.npz,931,931,0,13944,256,512,2,224,83,42,0.1,0.526246,0.263123,1.004,float16,gpu,1,
ok,S 230046096/01__.fastpath,S 230046096#S 230046096###S#1.svs,/home/eteriny/projects/foundation_inference/outputs/uni_thyroid_patch256/S_230046096_01_41d8991ef7.npz,334,334,0,12876,256,512,2,224,87,37,0.1,0.526028,0.263014,0.420,float16,gpu,1,
ok,S 230046099/01__.fastpath,S 230046099#S 230046099###S#1.svs,/home/eteriny/projects/foundation_inference/outputs/uni_thyroid_patch256/S_230046099_01_abbeaeb829.npz,184,184,0,18096,256,512,2,224,87,52,0.1,0.526028,0.263014,0.277,float16,gpu,1,
ok,S 230047149/01__.fastpath,S 230047149#S 230047149###S#1.svs,/home/eteriny/projects/foundation_inference/outputs/uni_thyroid_patch256/S_230047149_01_23c2975e7c.npz,449,449,0,14104,256,512,2,224,82,43,0.1,0.528338,0.264169,0.540,float16,gpu,1,
ok,S 230047153/01__.fastpath,S 230047153#S 230047153###S#1.svs,/home/eteriny/projects/foundation_inference/outputs/uni_thyroid_patch256/S_230047153_01_5a290711e9.npz,844,844,0,14940,256,512,2,224,83,45,0.1,0.528338,0.264169,0.934,float16,gpu,1,
ok,S 230047693/00__.fastpath,S 230047693###S#0.svs,/home/eteriny/projects/foundation_inference/outputs/uni_thyroid_patch256/S_230047693_00_a81be904ed.npz,797,797,0,12672,256,512,2,224,88,36,0.1,0.526028,0.263014,0.863,float16,gpu,1,
ok,S 230047911/01_1.fastpath,S 230047911#S 230047911#1##S#1.svs,/home/eteriny/projects/foundation_inference/outputs/uni_thyroid_patch256/S_230047911_01_1_5a6ac28dee.npz,394,394,0,9728,256,512,2,224,76,32,0.1,0.526028,0.263014,0.470,float16,gpu,1,
ok,S 230047911/02_2.fastpath,S 230047911#S 230047911#2##S#2.svs,/home/eteriny/projects/foundation_inference/outputs/uni_thyroid_patch256/S_230047911_02_2_7969cc0999.npz,952,952,0,14896,256,512,2,224,76,49,0.1,0.526028,0.263014,1.029,float16,gpu,1,
ok,S 230047913/01__.fastpath,S 230047913#S 230047913###S#1.svs,/home/eteriny/projects/foundation_inference/outputs/uni_thyroid_patch256/S_230047913_01_aa242d7f00.npz,298,298,0,10920,256,512,2,224,78,35,0.1,0.526028,0.263014,0.384,float16,gpu,1,
ok,S 230048368/01__.fastpath,S 230048368#S 230048368###S#1.svs,/home/eteriny/projects/foundation_inference/outputs/uni_thyroid_patch256/S_230048368_01_740b016f4b.npz,1744,1744,0,24168,256,512,2,224,114,53,0.1,0.52689,0.263445,1.839,float16,gpu,1,
ok,S 230048372/01__.fastpath,S 230048372#S 230048372###S#1.svs,/home/eteriny/projects/foundation_inference/outputs/uni_thyroid_patch256/S_230048372_01_2a0a0ce8a0.npz,1446,1446,0,21204,256,512,2,224,93,57,0.1,0.52689,0.263445,1.536,float16,gpu,1,
ok,S 230048372/02____D.fastpath,S 230048372#S 230048372##D#S#2.svs,/home/eteriny/projects/foundation_inference/outputs/uni_thyroid_patch256/S_230048372_02____D_d30e08da9e.npz,645,645,0,23360,256,512,2,224,146,40,0.1,0.526246,0.263123,0.719,float16,gpu,1,
ok,S 230048552/01__.fastpath,S 230048552#S 230048552###S#1.svs,/home/eteriny/projects/foundation_inference/outputs/uni_thyroid_patch256/S_230048552_01_a69d84ca5c.npz,524,524,0,14256,256,512,2,224,81,44,0.1,0.52689,0.263445,0.616,float16,gpu,1,
ok,S 230048691/01__.fastpath,S 230048691#S 230048691###S#1.svs,/home/eteriny/projects/foundation_inference/outputs/uni_thyroid_patch256/S_230048691_01_010736fc0d.npz,1430,1430,0,16008,256,512,2,224,87,46,0.1,0.52689,0.263445,1.510,float16,gpu,1,
ok,S 230048866/01__.fastpath,S 230048866#S 230048866###S#1.svs,/home/eteriny/projects/foundation_inference/outputs/uni_thyroid_patch256/S_230048866_01_3e32388913.npz,992,992,0,13172,256,512,2,224,89,37,0.1,0.52689,0.263445,1.087,float16,gpu,1,
ok,S 230048868/01__.fastpath,S 230048868#S 230048868###S#1.svs,/home/eteriny/projects/foundation_inference/outputs/uni_thyroid_patch256/S_230048868_01_a0dcb8f4c9.npz,334,334,0,12432,256,512,2,224,84,37,0.1,0.52689,0.263445,0.406,float16,gpu,1,
ok,S 230048990/01__.fastpath,S 230048990#S 230048990###S#1.svs,/home/eteriny/projects/foundation_inference/outputs/uni_thyroid_patch256/S_230048990_01_5a90fbd8a2.npz,2344,2344,0,23668,256,512,2,224,97,61,0.1,0.526246,0.263123,2.446,float16,gpu,1,
ok,S 230049010/01_1.fastpath,S 230049010#S 230049010#1##S#1.svs,/home/eteriny/projects/foundation_inference/outputs/uni_thyroid_patch256/S_230049010_01_1_30173daf68.npz,414,414,0,10260,256,512,2,224,57,45,0.1,0.526028,0.263014,0.529,float16,gpu,1,
ok,S 230049010/02_2.fastpath,S 230049010#S 230049010#2##S#2.svs,/home/eteriny/projects/foundation_inference/outputs/uni_thyroid_patch256/S_230049010_02_2_902ec2ae21.npz,919,919,0,17248,256,512,2,224,98,44,0.1,0.526028,0.263014,1.010,float16,gpu,1,
ok,S 230049159/01__.fastpath,S 230049159#S 230049159###S#1.svs,/home/eteriny/projects/foundation_inference/outputs/uni_thyroid_patch256/S_230049159_01_189f169455.npz,464,464,0,10956,256,512,2,224,83,33,0.1,0.526246,0.263123,0.540,float16,gpu,1,
ok,S 230050061/01__.fastpath,S 230050061#S 230050061###S#1.svs,/home/eteriny/projects/foundation_inference/outputs/uni_thyroid_patch256/S_230050061_01_1adab02803.npz,663,663,0,44200,256,512,2,224,170,65,0.1,0.52689,0.263445,0.753,float16,gpu,1,
ok,S 230050069/01_1.fastpath,S 230050069#S 230050069#1##S#1.svs,/home/eteriny/projects/foundation_inference/outputs/uni_thyroid_patch256/S_230050069_01_1_4a3cefbd6a.npz,1678,1678,0,35328,256,512,2,224,128,69,0.1,0.52689,0.263445,1.809,float16,gpu,1,
ok,S 230050069/02_2.fastpath,S 230050069#S 230050069#2##S#2.svs,/home/eteriny/projects/foundation_inference/outputs/uni_thyroid_patch256/S_230050069_02_2_8226f5ea2e.npz,606,606,0,14256,256,512,2,224,81,44,0.1,0.528338,0.264169,0.694,float16,gpu,1,
ok,S 230050537/01__.fastpath,S 230050537#S 230050537###S#1.svs,/home/eteriny/projects/foundation_inference/outputs/uni_thyroid_patch256/S_230050537_01_e33026f7eb.npz,500,500,0,12096,256,512,2,224,84,36,0.1,0.528338,0.264169,0.589,float16,gpu,1,
ok,S 230050728/01_1.fastpath,S 230050728#S 230050728#1##S#1.svs,/home/eteriny/projects/foundation_inference/outputs/uni_thyroid_patch256/S_230050728_01_1_803f1ee53e.npz,1420,1420,0,31200,256,512,2,224,130,60,0.1,0.52689,0.263445,1.538,float16,gpu,1,
ok,S 230050728/02_2.fastpath,S 230050728#S 230050728#2##S#2.svs,/home/eteriny/projects/foundation_inference/outputs/uni_thyroid_patch256/S_230050728_02_2_8eb237fd45.npz,941,941,0,14400,256,512,2,224,90,40,0.1,0.52689,0.263445,1.003,float16,gpu,1,
ok,S 230051470/01_1.fastpath,S 230051470#S 230051470#1##S#1.svs,/home/eteriny/projects/foundation_inference/outputs/uni_thyroid_patch256/S_230051470_01_1_213a17250b.npz,1167,1167,0,19872,256,512,2,224,108,46,0.1,0.528338,0.264169,1.269,float16,gpu,1,
ok,S 230051470/02_2.fastpath,S 230051470#S 230051470#2##S#2.svs,/home/eteriny/projects/foundation_inference/outputs/uni_thyroid_patch256/S_230051470_02_2_46f618fb44.npz,1163,1163,0,23736,256,512,2,224,86,69,0.1,0.528338,0.264169,1.361,float16,gpu,1,
ok,S 230051752/01__.fastpath,S 230051752#S 230051752###S#1.svs,/home/eteriny/projects/foundation_inference/outputs/uni_thyroid_patch256/S_230051752_01_3278db3e68.npz,753,753,0,21312,256,512,2,224,111,48,0.1,0.526028,0.263014,0.845,float16,gpu,1,
ok,S 230051941/01_1.fastpath,S 230051941#S 230051941#1##S#1.svs,/home/eteriny/projects/foundation_inference/outputs/uni_thyroid_patch256/S_230051941_01_1_9594e4ea02.npz,403,403,0,36140,256,512,2,224,139,65,0.1,0.526028,0.263014,0.494,float16,gpu,1,
ok,S 230051941/02_2.fastpath,S 230051941#S 230051941#2##S#2.svs,/home/eteriny/projects/foundation_inference/outputs/uni_thyroid_patch256/S_230051941_02_2_50f7aa94d7.npz,885,885,0,19188,256,512,2,224,117,41,0.1,0.526028,0.263014,0.978,float16,gpu,1,
ok,S 230052058/01__.fastpath,S 230052058#S 230052058###S#1.svs,/home/eteriny/projects/foundation_inference/outputs/uni_thyroid_patch256/S_230052058_01_65af84a7c2.npz,471,471,0,12768,256,512,2,224,84,38,0.1,0.526028,0.263014,0.561,float16,gpu,1,
ok,S 230052060/01__.fastpath,S 230052060#S 230052060###S#1.svs,/home/eteriny/projects/foundation_inference/outputs/uni_thyroid_patch256/S_230052060_01_4a0d3c990a.npz,805,805,0,14448,256,512,2,224,86,42,0.1,0.526028,0.263014,0.895,float16,gpu,1,
ok,S 230052062/01__.fastpath,S 230052062#S 230052062###S#1.svs,/home/eteriny/projects/foundation_inference/outputs/uni_thyroid_patch256/S_230052062_01_0207104883.npz,2264,2264,0,24768,256,512,2,224,86,72,0.1,0.526028,0.263014,2.362,float16,gpu,1,
ok,S 230052064/01_1.fastpath,S 230052064#S 230052064#1##S#1.svs,/home/eteriny/projects/foundation_inference/outputs/uni_thyroid_patch256/S_230052064_01_1_8153a3f9e8.npz,202,202,0,7216,256,512,2,224,82,22,0.1,0.526028,0.263014,0.280,float16,gpu,1,
ok,S 230052064/02_2.fastpath,S 230052064#S 230052064#2##S#2.svs,/home/eteriny/projects/foundation_inference/outputs/uni_thyroid_patch256/S_230052064_02_2_52e0ea9ee7.npz,358,358,0,11700,256,512,2,224,75,39,0.1,0.526028,0.263014,0.450,float16,gpu,1,
ok,S 230052348/01__.fastpath,S 230052348#S 230052348###S#1.svs,/home/eteriny/projects/foundation_inference/outputs/uni_thyroid_patch256/S_230052348_01_89ee5ee1b3.npz,286,286,0,10080,256,512,2,224,56,45,0.1,0.52689,0.263445,0.421,float16,gpu,1,
ok,S 230052944/01__.fastpath,S 230052944#S 230052944###S#1.svs,/home/eteriny/projects/foundation_inference/outputs/uni_thyroid_patch256/S_230052944_01_54cafe896b.npz,872,872,0,19928,256,512,2,224,106,47,0.1,0.526246,0.263123,0.951,float16,gpu,1,
ok,S 230052949/01__.fastpath,S 230052949#S 230052949###S#1.svs,/home/eteriny/projects/foundation_inference/outputs/uni_thyroid_patch256/S_230052949_01_608d337d9f.npz,303,303,0,19488,256,512,2,224,84,58,0.1,0.526246,0.263123,0.414,float16,gpu,1,
ok,S 230052951/01__.fastpath,S 230052951#S 230052951###S#1.svs,/home/eteriny/projects/foundation_inference/outputs/uni_thyroid_patch256/S_230052951_01_6067d8a6da.npz,934,934,0,18000,256,512,2,224,90,50,0.1,0.526246,0.263123,1.044,float16,gpu,1,
ok,S 230054044/01_1.fastpath,S 230054044#S 230054044#1##S#1.svs,/home/eteriny/projects/foundation_inference/outputs/uni_thyroid_patch256/S_230054044_01_1_e4f294da0e.npz,2565,2565,0,27216,256,512,2,224,108,63,0.1,0.528338,0.264169,2.629,float16,gpu,1,
ok,S 230054044/02_2.fastpath,S 230054044#S 230054044#2##S#2.svs,/home/eteriny/projects/foundation_inference/outputs/uni_thyroid_patch256/S_230054044_02_2_50f99f4b0c.npz,1841,1841,0,21240,256,512,2,224,90,59,0.1,0.528338,0.264169,1.938,float16,gpu,1,
ok,S 230054599/01_1.fastpath,S 230054599#S 230054599#1##S#1.svs,/home/eteriny/projects/foundation_inference/outputs/uni_thyroid_patch256/S_230054599_01_1_ac81024066.npz,2923,2923,0,20240,256,512,2,224,92,55,0.1,0.526028,0.263014,3.023,float16,gpu,1,
ok,S 230054599/02_2.fastpath,S 230054599#S 230054599#2##S#2.svs,/home/eteriny/projects/foundation_inference/outputs/uni_thyroid_patch256/S_230054599_02_2_9720b0b33b.npz,546,546,0,25864,256,512,2,224,122,53,0.1,0.526028,0.263014,0.640,float16,gpu,1,
ok,S 230054607/01__.fastpath,S 230054607#S 230054607###S#1.svs,/home/eteriny/projects/foundation_inference/outputs/uni_thyroid_patch256/S_230054607_01_2bcd3bcba8.npz,558,558,0,14400,256,512,2,224,90,40,0.1,0.526028,0.263014,0.660,float16,gpu,1,
ok,S 230054869/01__.fastpath,S 230054869#S 230054869###S#1.svs,/home/eteriny/projects/foundation_inference/outputs/uni_thyroid_patch256/S_230054869_01_1fa23da2df.npz,1125,1125,0,17444,256,512,2,224,89,49,0.1,0.526246,0.263123,1.214,float16,gpu,1,
ok,S 230054871/01__.fastpath,S 230054871#S 230054871###S#1.svs,/home/eteriny/projects/foundation_inference/outputs/uni_thyroid_patch256/S_230054871_01_dc5755c016.npz,1881,1881,0,22568,256,512,2,224,91,62,0.1,0.526246,0.263123,1.952,float16,gpu,1,
ok,S 230054923/01__.fastpath,S 230054923#S 230054923###S#1.svs,/home/eteriny/projects/foundation_inference/outputs/uni_thyroid_patch256/S_230054923_01_b58c34e1ec.npz,1184,1184,0,19000,256,512,2,224,125,38,0.1,0.526246,0.263123,1.259,float16,gpu,1,
ok,S 230055446/01_1.fastpath,S 230055446#S 230055446#1##S#1.svs,/home/eteriny/projects/foundation_inference/outputs/uni_thyroid_patch256/S_230055446_01_1_e76c37d2f6.npz,855,855,0,18792,256,512,2,224,87,54,0.1,0.526246,0.263123,0.985,float16,gpu,1,
ok,S 230055446/02_2.fastpath,S 230055446#S 230055446#2##S#2.svs,/home/eteriny/projects/foundation_inference/outputs/uni_thyroid_patch256/S_230055446_02_2_e7f46e7812.npz,1662,1662,0,20812,256,512,2,224,121,43,0.1,0.526246,0.263123,1.771,float16,gpu,1,
ok,S 230055576/02_1.fastpath,S 230055576#S 230055576#1##S#2.svs,/home/eteriny/projects/foundation_inference/outputs/uni_thyroid_patch256/S_230055576_02_1_9090ca63a4.npz,536,536,0,16320,256,512,2,224,85,48,0.1,0.526246,0.263123,0.630,float16,gpu,1,
ok,S 230055576/03_2.fastpath,S 230055576#S 230055576#2##S#3.svs,/home/eteriny/projects/foundation_inference/outputs/uni_thyroid_patch256/S_230055576_03_2_ccdf20f0dc.npz,267,267,0,21336,256,512,2,224,127,42,0.1,0.526246,0.263123,0.336,float16,gpu,1,
ok,S 230055584/01__.fastpath,S 230055584#S 230055584###S#1.svs,/home/eteriny/projects/foundation_inference/outputs/uni_thyroid_patch256/S_230055584_01_d5c2722893.npz,732,732,0,13528,256,512,2,224,89,38,0.1,0.526246,0.263123,0.835,float16,gpu,1,
ok,S 230055717/01__.fastpath,S 230055717#S 230055717###S#1.svs,/home/eteriny/projects/foundation_inference/outputs/uni_thyroid_patch256/S_230055717_01_43f6c6956b.npz,934,934,0,15080,256,512,2,224,58,65,0.1,0.526246,0.263123,1.113,float16,gpu,1,
ok,S 230055721/01__.fastpath,S 230055721#S 230055721###S#1.svs,/home/eteriny/projects/foundation_inference/outputs/uni_thyroid_patch256/S_230055721_01_213dc64686.npz,988,988,0,21328,256,512,2,224,86,62,0.1,0.526246,0.263123,1.109,float16,gpu,1,
ok,S 230055725/01__.fastpath,S 230055725#S 230055725###S#1.svs,/home/eteriny/projects/foundation_inference/outputs/uni_thyroid_patch256/S_230055725_01_685a7db7bc.npz,222,222,0,25080,256,512,2,224,114,55,0.1,0.526246,0.263123,0.298,float16,gpu,1,
ok,S 230057064/01__.fastpath,S 230057064#S 230057064###S#1.svs,/home/eteriny/projects/foundation_inference/outputs/uni_thyroid_patch256/S_230057064_01_893978cbf8.npz,763,763,0,15312,256,512,2,224,87,44,0.1,0.526028,0.263014,0.860,float16,gpu,1,
ok,S 230057247/01_1.fastpath,S 230057247#S 230057247#1##S#1.svs,/home/eteriny/projects/foundation_inference/outputs/uni_thyroid_patch256/S_230057247_01_1_cb48a2ef65.npz,297,297,0,44880,256,512,2,224,165,68,0.1,0.526246,0.263123,0.389,float16,gpu,1,
ok,S 230057247/02_2.fastpath,S 230057247#S 230057247#2##S#2.svs,/home/eteriny/projects/foundation_inference/outputs/uni_thyroid_patch256/S_230057247_02_2_95f73c8064.npz,431,431,0,49200,256,512,2,224,150,82,0.1,0.526246,0.263123,0.529,float16,gpu,1,
ok,S 230057385/00_2__R.fastpath,S 230057385#2#R#S#0.svs,/home/eteriny/projects/foundation_inference/outputs/uni_thyroid_patch256/S_230057385_00_2__R_1c628a3391.npz,294,294,0,8436,256,512,2,224,57,37,0.1,0.52689,0.263445,0.400,float16,gpu,1,
ok,S 230057385/01_1.fastpath,S 230057385#S 230057385#1##S#1.svs,/home/eteriny/projects/foundation_inference/outputs/uni_thyroid_patch256/S_230057385_01_1_6b4c57d5f4.npz,137,137,0,12040,256,512,2,224,86,35,0.1,0.52689,0.263445,0.208,float16,gpu,1,
ok,S 230057385/02_2.fastpath,S 230057385#S 230057385#2##S#2.svs,/home/eteriny/projects/foundation_inference/outputs/uni_thyroid_patch256/S_230057385_02_2_621d0d1860.npz,340,340,0,16560,256,512,2,224,90,46,0.1,0.52689,0.263445,0.416,float16,gpu,1,
ok,S 230057611/01_1.fastpath,S 230057611#S 230057611#1##S#1.svs,/home/eteriny/projects/foundation_inference/outputs/uni_thyroid_patch256/S_230057611_01_1_b619354e3a.npz,1324,1324,0,15480,256,512,2,224,86,45,0.1,0.528338,0.264169,1.394,float16,gpu,1,
ok,S 230057611/02_2.fastpath,S 230057611#S 230057611#2##S#2.svs,/home/eteriny/projects/foundation_inference/outputs/uni_thyroid_patch256/S_230057611_02_2_27d76640c5.npz,403,403,0,10440,256,512,2,224,87,30,0.1,0.528338,0.264169,0.470,float16,gpu,1,
ok,S 230057626/01__.fastpath,S 230057626#S 230057626###S#1.svs,/home/eteriny/projects/foundation_inference/outputs/uni_thyroid_patch256/S_230057626_01_1f7d0fc418.npz,1041,1041,0,17052,256,512,2,224,87,49,0.1,0.526028,0.263014,1.140,float16,gpu,1,
ok,S 230058099/01_1.fastpath,S 230058099#S 230058099#1##S#1.svs,/home/eteriny/projects/foundation_inference/outputs/uni_thyroid_patch256/S_230058099_01_1_7814a93dc4.npz,242,242,0,7904,256,512,2,224,76,26,0.1,0.528338,0.264169,0.304,float16,gpu,1,
ok,S 230058099/02_2.fastpath,S 230058099#S 230058099#2##S#2.svs,/home/eteriny/projects/foundation_inference/outputs/uni_thyroid_patch256/S_230058099_02_2_183f83b888.npz,649,649,0,13552,256,512,2,224,77,44,0.1,0.528338,0.264169,0.726,float16,gpu,1,
ok,S 230058103/01__.fastpath,S 230058103#S 230058103###S#1.svs,/home/eteriny/projects/foundation_inference/outputs/uni_thyroid_patch256/S_230058103_01_6db12878d8.npz,862,862,0,14256,256,512,2,224,81,44,0.1,0.528338,0.264169,0.954,float16,gpu,1,
ok,S 230058105/01__.fastpath,S 230058105#S 230058105###S#1.svs,/home/eteriny/projects/foundation_inference/outputs/uni_thyroid_patch256/S_230058105_01_5320771776.npz,422,422,0,11088,256,512,2,224,77,36,0.1,0.528338,0.264169,0.494,float16,gpu,1,
ok,S 230058620/01__.fastpath,S 230058620#S 230058620###S#1.svs,/home/eteriny/projects/foundation_inference/outputs/uni_thyroid_patch256/S_230058620_01_9b7d0e81e0.npz,612,612,0,14288,256,512,2,224,76,47,0.1,0.526028,0.263014,0.720,float16,gpu,1,
ok,S 230059341/01_1.fastpath,S 230059341#S 230059341#1##S#1.svs,/home/eteriny/projects/foundation_inference/outputs/uni_thyroid_patch256/S_230059341_01_1_b78cdbcd90.npz,1395,1395,0,11900,256,512,2,224,85,35,0.1,0.528338,0.264169,1.495,float16,gpu,1,
ok,S 230059341/02_2.fastpath,S 230059341#S 230059341#2##S#2.svs,/home/eteriny/projects/foundation_inference/outputs/uni_thyroid_patch256/S_230059341_02_2_e6aa54c650.npz,1092,1092,0,42312,256,512,2,224,123,86,0.1,0.528338,0.264169,1.188,float16,gpu,1,
ok,S 230059553/01_1.fastpath,S 230059553#S 230059553#1##S#1.svs,/home/eteriny/projects/foundation_inference/outputs/uni_thyroid_patch256/S_230059553_01_1_783825e682.npz,767,767,0,16320,256,512,2,224,85,48,0.1,0.526028,0.263014,0.858,float16,gpu,1,
ok,S 230059553/02_2.fastpath,S 230059553#S 230059553#2##S#2.svs,/home/eteriny/projects/foundation_inference/outputs/uni_thyroid_patch256/S_230059553_02_2_6e1884bf73.npz,231,231,0,9396,256,512,2,224,81,29,0.1,0.526028,0.263014,0.291,float16,gpu,1,
ok,S 230059884/01__.fastpath,S 230059884#S 230059884###S#1.svs,/home/eteriny/projects/foundation_inference/outputs/uni_thyroid_patch256/S_230059884_01_1f984a876c.npz,988,988,0,26136,256,512,2,224,121,54,0.1,0.52689,0.263445,1.075,float16,gpu,1,
ok,S 230059932/01__.fastpath,S 230059932#S 230059932###S#1.svs,/home/eteriny/projects/foundation_inference/outputs/uni_thyroid_patch256/S_230059932_01_13da815235.npz,670,670,0,17088,256,512,2,224,89,48,0.1,0.528338,0.264169,0.748,float16,gpu,1,
ok,S 230060578/01__.fastpath,S 230060578#S 230060578##.svs,/home/eteriny/projects/foundation_inference/outputs/uni_thyroid_patch256/S_230060578_01_4c205ffefd.npz,743,743,0,34648,256,512,2,224,142,61,0.1,0.52689,0.263445,0.848,float16,gpu,1,
ok,S 230061104/01__.fastpath,S 230061104#S 230061104###S#1.svs,/home/eteriny/projects/foundation_inference/outputs/uni_thyroid_patch256/S_230061104_01_f3a41c7829.npz,807,807,0,18020,256,512,2,224,85,53,0.1,0.526028,0.263014,0.888,float16,gpu,1,
ok,S 230061517/01__.fastpath,S 230061517#S 230061517###S#1.svs,/home/eteriny/projects/foundation_inference/outputs/uni_thyroid_patch256/S_230061517_01_204a0160f1.npz,836,836,0,14616,256,512,2,224,87,42,0.1,0.52689,0.263445,0.921,float16,gpu,1,
ok,S 230062461/01__.fastpath,S 230062461#S 230062461###S#1.svs,/home/eteriny/projects/foundation_inference/outputs/uni_thyroid_patch256/S_230062461_01_4200c8f1f0.npz,1346,1346,0,17400,256,512,2,224,87,50,0.1,0.526246,0.263123,1.448,float16,gpu,1,
ok,S 230063645/01__.fastpath,S 230063645#S 230063645###S#1.svs,/home/eteriny/projects/foundation_inference/outputs/uni_thyroid_patch256/S_230063645_01_6400237994.npz,560,560,0,23580,256,512,2,224,131,45,0.1,0.526246,0.263123,0.643,float16,gpu,1,
ok,S 230063647/01__.fastpath,S 230063647#S 230063647###S#1.svs,/home/eteriny/projects/foundation_inference/outputs/uni_thyroid_patch256/S_230063647_01_f58e57971b.npz,583,583,0,25944,256,512,2,224,141,46,0.1,0.526246,0.263123,0.649,float16,gpu,1,
ok,S 230063773/01__.fastpath,S 230063773#S 230063773###S#1.svs,/home/eteriny/projects/foundation_inference/outputs/uni_thyroid_patch256/S_230063773_01_25d00e669b.npz,3078,3078,0,23936,256,512,2,224,88,68,0.1,0.526246,0.263123,3.241,float16,gpu,1,
ok,S 230064694/01__.fastpath,S 230064694#S 230064694###S#1.svs,/home/eteriny/projects/foundation_inference/outputs/uni_thyroid_patch256/S_230064694_01_4f27271f62.npz,629,629,0,9744,256,512,2,224,87,28,0.1,0.526246,0.263123,0.708,float16,gpu,1,
ok,S 230065488/01__.fastpath,S 230065488#S 230065488###S#1.svs,/home/eteriny/projects/foundation_inference/outputs/uni_thyroid_patch256/S_230065488_01_76a203df28.npz,177,177,0,12876,256,512,2,224,87,37,0.1,0.526246,0.263123,0.256,float16,gpu,1,
ok,S 230065490/01__.fastpath,S 230065490#S 230065490###S#1.svs,/home/eteriny/projects/foundation_inference/outputs/uni_thyroid_patch256/S_230065490_01_32eadd039e.npz,1641,1641,0,17664,256,512,2,224,92,48,0.1,0.526246,0.263123,1.714,float16,gpu,1,
ok,S 230065924/01__.fastpath,S 230065924#S 230065924###S#1.svs,/home/eteriny/projects/foundation_inference/outputs/uni_thyroid_patch256/S_230065924_01_81bb87ebe6.npz,436,436,0,12880,256,512,2,224,92,35,0.1,0.526028,0.263014,0.509,float16,gpu,1,
ok,S 230067510/01__.fastpath,S 230067510#S 230067510###S#1.svs,/home/eteriny/projects/foundation_inference/outputs/uni_thyroid_patch256/S_230067510_01_abcd0f0916.npz,226,226,0,13776,256,512,2,224,82,42,0.1,0.52689,0.263445,0.310,float16,gpu,1,
ok,S 230067512/01__.fastpath,S 230067512#S 230067512###S#1.svs,/home/eteriny/projects/foundation_inference/outputs/uni_thyroid_patch256/S_230067512_01_42d39d1e0e.npz,384,384,0,14792,256,512,2,224,86,43,0.1,0.52689,0.263445,0.474,float16,gpu,1,
ok,S 230067957/01_1.fastpath,S 230067957#S 230067957#1##S#1.svs,/home/eteriny/projects/foundation_inference/outputs/uni_thyroid_patch256/S_230067957_01_1_b8353425c1.npz,588,588,0,12640,256,512,2,224,79,40,0.1,0.52689,0.263445,0.674,float16,gpu,1,
ok,S 230067957/02_2.fastpath,S 230067957#S 230067957#2##S#2.svs,/home/eteriny/projects/foundation_inference/outputs/uni_thyroid_patch256/S_230067957_02_2_511319b886.npz,511,511,0,11952,256,512,2,224,83,36,0.1,0.52689,0.263445,0.594,float16,gpu,1,
ok,S 230068382/01__.fastpath,S 230068382#S 230068382###S#1.svs,/home/eteriny/projects/foundation_inference/outputs/uni_thyroid_patch256/S_230068382_01_cc4ac56f16.npz,597,597,0,15416,256,512,2,224,82,47,0.1,0.52689,0.263445,0.671,float16,gpu,1,
ok,S 230068962/01__.fastpath,S 230068962#S 230068962###S#1.svs,/home/eteriny/projects/foundation_inference/outputs/uni_thyroid_patch256/S_230068962_01_893a2406c2.npz,447,447,0,11288,256,512,2,224,83,34,0.1,0.526028,0.263014,0.521,float16,gpu,1,
ok,S 230069521/01_1.fastpath,S 230069521#S 230069521#1##S#1.svs,/home/eteriny/projects/foundation_inference/outputs/uni_thyroid_patch256/S_230069521_01_1_14bf5b0c39.npz,459,459,0,15252,256,512,2,224,93,41,0.1,0.526028,0.263014,0.541,float16,gpu,1,
ok,S 230069521/02_2.fastpath,S 230069521#S 230069521#2##S#2.svs,/home/eteriny/projects/foundation_inference/outputs/uni_thyroid_patch256/S_230069521_02_2_ef83e557f4.npz,220,220,0,10664,256,512,2,224,86,31,0.1,0.526028,0.263014,0.282,float16,gpu,1,
ok,S 230069525/01__.fastpath,S 230069525#S 230069525###S#1.svs,/home/eteriny/projects/foundation_inference/outputs/uni_thyroid_patch256/S_230069525_01_1fc34c3ee6.npz,879,879,0,12432,256,512,2,224,84,37,0.1,0.526028,0.263014,0.934,float16,gpu,1,
ok,S 230069643/01__.fastpath,S 230069643#S 230069643###S#1.svs,/home/eteriny/projects/foundation_inference/outputs/uni_thyroid_patch256/S_230069643_01_ec0e9850d1.npz,1261,1261,0,15088,256,512,2,224,82,46,0.1,0.528338,0.264169,1.348,float16,gpu,1,
ok,S 230069645/01__.fastpath,S 230069645#S 230069645###S#1.svs,/home/eteriny/projects/foundation_inference/outputs/uni_thyroid_patch256/S_230069645_01_f863545b10.npz,1132,1132,0,12580,256,512,2,224,85,37,0.1,0.528338,0.264169,1.245,float16,gpu,1,
ok,S 230069835/01_1.fastpath,S 230069835#S 230069835#1##S#1.svs,/home/eteriny/projects/foundation_inference/outputs/uni_thyroid_patch256/S_230069835_01_1_4959bf4911.npz,1000,1000,0,15504,256,512,2,224,76,51,0.1,0.528338,0.264169,1.170,float16,gpu,1,
ok,S 230069835/02_2.fastpath,S 230069835#S 230069835#2##S#2.svs,/home/eteriny/projects/foundation_inference/outputs/uni_thyroid_patch256/S_230069835_02_2_735a21f7aa.npz,158,158,0,11232,256,512,2,224,78,36,0.1,0.528338,0.264169,0.240,float16,gpu,1,
ok,S 230070293/01__.fastpath,S 230070293#S 230070293###S#1.svs,/home/eteriny/projects/foundation_inference/outputs/uni_thyroid_patch256/S_230070293_01_f225a28d89.npz,995,995,0,16268,256,512,2,224,83,49,0.1,0.526246,0.263123,1.118,float16,gpu,1,
ok,S 230070641/01__.fastpath,S 230070641#S 230070641###S#1.svs,/home/eteriny/projects/foundation_inference/outputs/uni_thyroid_patch256/S_230070641_01_eb004f6505.npz,236,236,0,11700,256,512,2,224,117,25,0.1,0.528338,0.264169,0.276,float16,gpu,1,
ok,S 230070924/01__.fastpath,S 230070924#S 230070924###S#1.svs,/home/eteriny/projects/foundation_inference/outputs/uni_thyroid_patch256/S_230070924_01_d5e86ecc48.npz,1073,1073,0,20976,256,512,2,224,92,57,0.1,0.526246,0.263123,1.180,float16,gpu,1,
ok,S 230070937/01__.fastpath,S 230070937#S 230070937###S#1.svs,/home/eteriny/projects/foundation_inference/outputs/uni_thyroid_patch256/S_230070937_01_1b8728a880.npz,364,364,0,17680,256,512,2,224,85,52,0.1,0.526246,0.263123,0.458,float16,gpu,1,
ok,S 230071717/01__.fastpath,S 230071717#S 230071717###S#1.svs,/home/eteriny/projects/foundation_inference/outputs/uni_thyroid_patch256/S_230071717_01_7aa502e9a6.npz,1925,1925,0,21344,256,512,2,224,92,58,0.1,0.528338,0.264169,2.040,float16,gpu,1,
ok,S 230072408/01_1.fastpath,S 230072408#S 230072408#1##S#1.svs,/home/eteriny/projects/foundation_inference/outputs/uni_thyroid_patch256/S_230072408_01_1_2240bbca1a.npz,1323,1323,0,17888,256,512,2,224,86,52,0.1,0.528338,0.264169,1.450,float16,gpu,1,
ok,S 230072408/02_2.fastpath,S 230072408#S 230072408#2##S#2.svs,/home/eteriny/projects/foundation_inference/outputs/uni_thyroid_patch256/S_230072408_02_2_221b82839a.npz,819,819,0,16920,256,512,2,224,94,45,0.1,0.528338,0.264169,0.901,float16,gpu,1,
ok,S 230072743/01__.fastpath,S 230072743#S 230072743###S#1.svs,/home/eteriny/projects/foundation_inference/outputs/uni_thyroid_patch256/S_230072743_01_6087021330.npz,1239,1239,0,24408,256,512,2,224,113,54,0.1,0.528338,0.264169,1.351,float16,gpu,1,
ok,S 230072744/01_1.fastpath,S 230072744#S 230072744#1##S#1.svs,/home/eteriny/projects/foundation_inference/outputs/uni_thyroid_patch256/S_230072744_01_1_b12988beca.npz,1017,1017,0,40960,256,512,2,224,128,80,0.1,0.528338,0.264169,1.155,float16,gpu,1,
ok,S 230072744/02_2.fastpath,S 230072744#S 230072744#2##S#2.svs,/home/eteriny/projects/foundation_inference/outputs/uni_thyroid_patch256/S_230072744_02_2_9573573076.npz,427,427,0,55728,256,512,2,224,162,86,0.1,0.528338,0.264169,0.546,float16,gpu,1,
ok,S 230072744/03_3.fastpath,S 230072744#S 230072744#3##S#3.svs,/home/eteriny/projects/foundation_inference/outputs/uni_thyroid_patch256/S_230072744_03_3_8e31553c1a.npz,439,439,0,10080,256,512,2,224,84,30,0.1,0.528338,0.264169,0.504,float16,gpu,1,
ok,S 230072744/04_4.fastpath,S 230072744#S 230072744#4##S#4.svs,/home/eteriny/projects/foundation_inference/outputs/uni_thyroid_patch256/S_230072744_04_4_a095eff028.npz,478,478,0,12040,256,512,2,224,86,35,0.1,0.528338,0.264169,0.552,float16,gpu,1,
ok,S 230072945/01__.fastpath,S 230072945#S 230072945###S#1.svs,/home/eteriny/projects/foundation_inference/outputs/uni_thyroid_patch256/S_230072945_01_f5d6fd466e.npz,1902,1902,0,24920,256,512,2,224,89,70,0.1,0.526028,0.263014,2.004,float16,gpu,1,
ok,S 230072947/01__.fastpath,S 230072947#S 230072947###S#1.svs,/home/eteriny/projects/foundation_inference/outputs/uni_thyroid_patch256/S_230072947_01_31d827f791.npz,2000,2000,0,23660,256,512,2,224,91,65,0.1,0.526028,0.263014,2.101,float16,gpu,1,
ok,S 240000885/01__.fastpath,S 240000885#S 240000885###S#1.svs,/home/eteriny/projects/foundation_inference/outputs/uni_thyroid_patch256/S_240000885_01_e18745c193.npz,595,595,0,23908,256,512,2,224,139,43,0.1,0.527052,0.263526,0.658,float16,gpu,1,
ok,S 240001160/01__.fastpath,S 240001160#S 240001160###S#1.svs,/home/eteriny/projects/foundation_inference/outputs/uni_thyroid_patch256/S_240001160_01_a034394f47.npz,1108,1108,0,16544,256,512,2,224,88,47,0.1,0.526246,0.263123,1.238,float16,gpu,1,
ok,S 240001232/01__.fastpath,S 240001232#S 240001232###S#1.svs,/home/eteriny/projects/foundation_inference/outputs/uni_thyroid_patch256/S_240001232_01_dae57cd74f.npz,489,489,0,12160,256,512,2,224,80,38,0.1,0.526246,0.263123,0.571,float16,gpu,1,
ok,S 240001993/01__.fastpath,S 240001993#S 240001993###S#1.svs,/home/eteriny/projects/foundation_inference/outputs/uni_thyroid_patch256/S_240001993_01_e7d8dc0cb3.npz,747,747,0,31488,256,512,2,224,123,64,0.1,0.526028,0.263014,0.849,float16,gpu,1,
ok,S 240001995/01__.fastpath,S 240001995#S 240001995###S#1.svs,/home/eteriny/projects/foundation_inference/outputs/uni_thyroid_patch256/S_240001995_01_c3aa577912.npz,260,260,0,12136,256,512,2,224,82,37,0.1,0.526028,0.263014,0.344,float16,gpu,1,
ok,S 240003050/01__.fastpath,S 240003050#S 240003050###S#1.svs,/home/eteriny/projects/foundation_inference/outputs/uni_thyroid_patch256/S_240003050_01_00bbd234d3.npz,1309,1309,0,19380,256,512,2,224,85,57,0.1,0.526246,0.263123,1.410,float16,gpu,1,
ok,S 240003340/01__.fastpath,S 240003340#S 240003340###S#1.svs,/home/eteriny/projects/foundation_inference/outputs/uni_thyroid_patch256/S_240003340_01_3384c6e529.npz,0,0,0,74124,256,512,2,224,213,87,0.1,0.526246,0.263123,0.003,float16,gpu,1,
ok,S 240006657/01__.fastpath,S 240006657#S 240006657###S#1.svs,/home/eteriny/projects/foundation_inference/outputs/uni_thyroid_patch256/S_240006657_01_7ff8a55d95.npz,1025,1025,0,16740,256,512,2,224,93,45,0.1,0.528338,0.264169,1.137,float16,gpu,1,
ok,S 240006662/01__.fastpath,S 240006662#S 240006662###S#1.svs,/home/eteriny/projects/foundation_inference/outputs/uni_thyroid_patch256/S_240006662_01_b9e9ee3c6f.npz,679,679,0,13932,256,512,2,224,81,43,0.1,0.528338,0.264169,0.781,float16,gpu,1,
ok,S 240007581/01__.fastpath,S 240007581#S 240007581###S#1.svs,/home/eteriny/projects/foundation_inference/outputs/uni_thyroid_patch256/S_240007581_01_d4e5a84593.npz,254,254,0,14256,256,512,2,224,81,44,0.1,0.527052,0.263526,0.343,float16,gpu,1,
ok,S 240007743/01__.fastpath,S 240007743#S 240007743###S#1.svs,/home/eteriny/projects/foundation_inference/outputs/uni_thyroid_patch256/S_240007743_01_28a4465924.npz,828,828,0,22272,256,512,2,224,116,48,0.1,0.526246,0.263123,0.896,float16,gpu,1,
ok,S 240009579/01__.fastpath,S 240009579#S 240009579###S#1.svs,/home/eteriny/projects/foundation_inference/outputs/uni_thyroid_patch256/S_240009579_01_cf7c3789e8.npz,688,688,0,12948,256,512,2,224,83,39,0.1,0.526246,0.263123,0.741,float16,gpu,1,
ok,S 240010240/01__.fastpath,S 240010240#S 240010240###S#1.svs,/home/eteriny/projects/foundation_inference/outputs/uni_thyroid_patch256/S_240010240_01_9128fc6661.npz,1083,1083,0,19936,256,512,2,224,89,56,0.1,0.527052,0.263526,1.197,float16,gpu,1,
ok,S 240010516/01__.fastpath,S 240010516#S 240010516###S#1.svs,/home/eteriny/projects/foundation_inference/outputs/uni_thyroid_patch256/S_240010516_01_8f61e3af3c.npz,409,409,0,19516,256,512,2,224,119,41,0.1,0.527052,0.263526,0.467,float16,gpu,1,
ok,S 240010774/01__.fastpath,S 240010774#S 240010774###S#1.svs,/home/eteriny/projects/foundation_inference/outputs/uni_thyroid_patch256/S_240010774_01_739dfae267.npz,1468,1468,0,27132,256,512,2,224,119,57,0.1,0.526028,0.263014,1.584,float16,gpu,1,
ok,S 240011159/01_1.fastpath,S 240011159#S 240011159#1##S#1.svs,/home/eteriny/projects/foundation_inference/outputs/uni_thyroid_patch256/S_240011159_01_1_b1f83b6306.npz,885,885,0,14616,256,512,2,224,87,42,0.1,0.526028,0.263014,0.984,float16,gpu,1,
ok,S 240011159/02_2.fastpath,S 240011159#S 240011159#2##S#2.svs,/home/eteriny/projects/foundation_inference/outputs/uni_thyroid_patch256/S_240011159_02_2_2607ac6151.npz,1185,1185,0,16356,256,512,2,224,87,47,0.1,0.526028,0.263014,1.291,float16,gpu,1,
ok,S 240011159/03_3.fastpath,S 240011159#S 240011159#3##S#3.svs,/home/eteriny/projects/foundation_inference/outputs/uni_thyroid_patch256/S_240011159_03_3_99d3f6e19f.npz,779,779,0,14448,256,512,2,224,84,43,0.1,0.526028,0.263014,0.883,float16,gpu,1,
ok,S 240017219/01__.fastpath,S 240017219#S 240017219###S#1.svs,/home/eteriny/projects/foundation_inference/outputs/uni_thyroid_patch256/S_240017219_01_83d0cad680.npz,733,733,0,17264,256,512,2,224,83,52,0.1,0.526246,0.263123,0.834,float16,gpu,1,
ok,S 240017432/01__.fastpath,S 240017432#S 240017432###S#1.svs,/home/eteriny/projects/foundation_inference/outputs/uni_thyroid_patch256/S_240017432_01_162829a127.npz,1274,1274,0,16536,256,512,2,224,78,53,0.1,0.526028,0.263014,1.463,float16,gpu,1,
ok,S 240017601/01__.fastpath,S 240017601#S 240017601###S#1.svs,/home/eteriny/projects/foundation_inference/outputs/uni_thyroid_patch256/S_240017601_01_4809c5777c.npz,1260,1260,0,14596,256,512,2,224,89,41,0.1,0.526246,0.263123,1.333,float16,gpu,1,
ok,S 240018042/01__.fastpath,S 240018042#S 240018042###S#1.svs,/home/eteriny/projects/foundation_inference/outputs/uni_thyroid_patch256/S_240018042_01_8661eefa45.npz,1143,1143,0,22184,256,512,2,224,118,47,0.1,0.528338,0.264169,1.243,float16,gpu,1,
ok,S 240018214/01__.fastpath,S 240018214#S 240018214###S#1.svs,/home/eteriny/projects/foundation_inference/outputs/uni_thyroid_patch256/S_240018214_01_bc74be5264.npz,534,534,0,25200,256,512,2,224,150,42,0.1,0.526028,0.263014,0.600,float16,gpu,1,
ok,S 240019280/01_1.fastpath,S 240019280#S 240019280#1##S#1.svs,/home/eteriny/projects/foundation_inference/outputs/uni_thyroid_patch256/S_240019280_01_1_c050a5ebb5.npz,882,882,0,20292,256,512,2,224,89,57,0.1,0.526386,0.263193,0.970,float16,gpu,1,
ok,S 240019280/02_2.fastpath,S 240019280#S 240019280#2##S#2.svs,/home/eteriny/projects/foundation_inference/outputs/uni_thyroid_patch256/S_240019280_02_2_553a349bc5.npz,633,633,0,24464,256,512,2,224,139,44,0.1,0.526386,0.263193,0.712,float16,gpu,1,
ok,S 240026199/01__.fastpath,S 240026199#S 240026199###S#1.svs,/home/eteriny/projects/foundation_inference/outputs/uni_thyroid_patch256/S_240026199_01_5b686e51e5.npz,719,719,0,17640,256,512,2,224,105,42,0.1,0.526028,0.263014,0.796,float16,gpu,1,
ok,S 240026200/01_1.fastpath,S 240026200#S 240026200#1##S#1.svs,/home/eteriny/projects/foundation_inference/outputs/uni_thyroid_patch256/S_240026200_01_1_dd061fb5bc.npz,667,667,0,11520,256,512,2,224,90,32,0.1,0.526028,0.263014,0.778,float16,gpu,1,
ok,S 240026200/02_2.fastpath,S 240026200#S 240026200#2##S#2.svs,/home/eteriny/projects/foundation_inference/outputs/uni_thyroid_patch256/S_240026200_02_2_2c08defcfb.npz,837,837,0,20416,256,512,2,224,116,44,0.1,0.526028,0.263014,0.918,float16,gpu,1,
ok,S 240026718/01__.fastpath,S 240026718#S 240026718###S#1.svs,/home/eteriny/projects/foundation_inference/outputs/uni_thyroid_patch256/S_240026718_01_1cb27fbaa2.npz,2463,2463,0,23256,256,512,2,224,114,51,0.1,0.526246,0.263123,2.571,float16,gpu,1,
ok,S 240027189/01__.fastpath,S 240027189#S 240027189###S#1.svs,/home/eteriny/projects/foundation_inference/outputs/uni_thyroid_patch256/S_240027189_01_58d37f2269.npz,891,891,0,23532,256,512,2,224,111,53,0.1,0.526386,0.263193,0.978,float16,gpu,1,
ok,S 240027953/01__.fastpath,S 240027953#S 240027953###S#1.svs,/home/eteriny/projects/foundation_inference/outputs/uni_thyroid_patch256/S_240027953_01_2cce469861.npz,1707,1707,0,30500,256,512,2,224,125,61,0.1,0.526028,0.263014,1.778,float16,gpu,1,
ok,S 240028879/01__.fastpath,S 240028879#S 240028879###S#1.svs,/home/eteriny/projects/foundation_inference/outputs/uni_thyroid_patch256/S_240028879_01_f401974c51.npz,1166,1166,0,14448,256,512,2,224,84,43,0.1,0.526386,0.263193,1.278,float16,gpu,1,
